-- phpMyAdmin SQL Dump
-- version 3.4.9
-- http://www.phpmyadmin.net
--
-- Host: localhost
-- Generation Time: Jan 24, 2014 at 11:34 AM
-- Server version: 5.1.72
-- PHP Version: 5.2.17

SET SQL_MODE="NO_AUTO_VALUE_ON_ZERO";
SET time_zone = "+00:00";


/*!40101 SET @OLD_CHARACTER_SET_CLIENT=@@CHARACTER_SET_CLIENT */;
/*!40101 SET @OLD_CHARACTER_SET_RESULTS=@@CHARACTER_SET_RESULTS */;
/*!40101 SET @OLD_COLLATION_CONNECTION=@@COLLATION_CONNECTION */;
/*!40101 SET NAMES utf8 */;

--
-- Database: `cakephpc_cakephp`
--

-- --------------------------------------------------------

--
-- Table structure for table `accounts`
--

CREATE TABLE IF NOT EXISTS `accounts` (
  `id` int(11) NOT NULL AUTO_INCREMENT,
  `name` varchar(255) DEFAULT NULL,
  `age` int(11) DEFAULT NULL,
  PRIMARY KEY (`id`)
) ENGINE=MyISAM  DEFAULT CHARSET=latin1 AUTO_INCREMENT=108 ;

--
-- Dumping data for table `accounts`
--

INSERT INTO `accounts` (`id`, `name`, `age`) VALUES
(100, 'Shyam K', 21),
(103, 'Dinesh Kumar', 25),
(104, 'Anoop Daipuria', 25),
(105, 'Rahul Gupta', 25);

-- --------------------------------------------------------

--
-- Table structure for table `galleries`
--

CREATE TABLE IF NOT EXISTS `galleries` (
  `id` int(11) NOT NULL AUTO_INCREMENT,
  `page_id` int(11) DEFAULT NULL,
  `name` varchar(255) DEFAULT NULL,
  `image` varchar(255) DEFAULT NULL,
  `metakeyword` varchar(255) DEFAULT NULL,
  `metadescription` varchar(255) DEFAULT NULL,
  `reorder` int(11) DEFAULT NULL,
  `status` tinyint(4) DEFAULT '1',
  `created_at` datetime DEFAULT NULL,
  `updated_at` datetime DEFAULT NULL,
  PRIMARY KEY (`id`)
) ENGINE=MyISAM  DEFAULT CHARSET=latin1 AUTO_INCREMENT=117 ;

--
-- Dumping data for table `galleries`
--

INSERT INTO `galleries` (`id`, `page_id`, `name`, `image`, `metakeyword`, `metadescription`, `reorder`, `status`, `created_at`, `updated_at`) VALUES
(70, 21, '7', '1389010120_1389010120.jpg', '', '', 0, 1, '2014-01-06 07:08:40', '2014-01-11 02:44:08'),
(69, 21, '10', '1389010054_1389010054.jpg', '', '', 0, 1, '2014-01-06 07:07:34', '2014-01-11 02:46:58'),
(68, 21, '11', '1389010021_1389010021.jpg', '', '', 0, 1, '2014-01-06 07:07:01', '2014-01-11 02:47:21'),
(66, 21, '1', '1389431737_1389431737.jpg', '', '', 0, 1, '2014-01-06 05:54:41', '2014-01-11 04:15:37'),
(67, 21, '2', '1389431777_1389431777.jpg', '', '', 0, 1, '2014-01-06 07:06:01', '2014-01-11 04:16:17'),
(71, 21, '3', '1389161239_1389161239.jpg', NULL, NULL, NULL, 1, '2014-01-08 01:07:19', '2014-01-11 02:37:46'),
(72, 21, '12', '1389161280_1389161280.jpg', NULL, NULL, NULL, 1, '2014-01-08 01:08:00', '2014-01-11 02:50:39'),
(73, 21, '13', '1389425640_1389425640.jpg', NULL, NULL, NULL, 1, '2014-01-11 02:34:00', '2014-01-11 02:50:53'),
(74, 21, '14', '1389425779_1389425779.jpg', NULL, NULL, NULL, 1, '2014-01-11 02:36:19', '2014-01-11 02:51:08'),
(75, 21, '4', '1389426032_1389426032.jpg', NULL, NULL, NULL, 1, '2014-01-11 02:40:32', NULL),
(76, 21, '5', '1389426168_1389426168.jpg', NULL, NULL, NULL, 1, '2014-01-11 02:42:48', NULL),
(77, 21, '6', '1389426228_1389426228.jpg', NULL, NULL, NULL, 1, '2014-01-11 02:43:48', NULL),
(78, 21, '8', '1389426302_1389426302.jpg', NULL, NULL, NULL, 1, '2014-01-11 02:45:02', NULL),
(79, 21, '9', '1389426393_1389426393.jpg', NULL, NULL, NULL, 1, '2014-01-11 02:46:33', NULL),
(80, 21, '15', '1389429868_1389429868.jpg', NULL, NULL, NULL, 1, '2014-01-11 03:44:28', NULL),
(81, 21, '16', '1389429963_1389429963.jpg', NULL, NULL, NULL, 1, '2014-01-11 03:46:03', NULL),
(82, 21, '17', '1389430018_1389430018.jpg', NULL, NULL, NULL, 1, '2014-01-11 03:46:58', NULL),
(83, 21, '18', '1389430071_1389430071.jpg', NULL, NULL, NULL, 1, '2014-01-11 03:47:51', NULL),
(84, 21, '19', '1389430121_1389430121.jpg', NULL, NULL, NULL, 1, '2014-01-11 03:48:41', NULL),
(85, 21, '20', '1389430175_1389430175.jpg', NULL, NULL, NULL, 1, '2014-01-11 03:49:35', NULL),
(86, 21, '21', '1389430208_1389430208.jpg', NULL, NULL, NULL, 1, '2014-01-11 03:50:08', NULL),
(87, 21, '22', '1389430266_1389430266.jpg', NULL, NULL, NULL, 1, '2014-01-11 03:51:06', NULL),
(88, 21, '23', '1389430288_1389430288.jpg', NULL, NULL, NULL, 1, '2014-01-11 03:51:28', NULL),
(89, 21, '24', '1389430333_1389430333.jpg', NULL, NULL, NULL, 1, '2014-01-11 03:52:13', NULL),
(90, 21, '25', '1389430363_1389430363.jpg', NULL, NULL, NULL, 1, '2014-01-11 03:52:43', NULL),
(91, 21, '26', '1389430414_1389430414.jpg', NULL, NULL, NULL, 1, '2014-01-11 03:53:34', NULL),
(92, 21, '27', '1389430451_1389430451.jpg', NULL, NULL, NULL, 1, '2014-01-11 03:54:11', NULL),
(93, 21, '28', '1389430478_1389430478.jpg', NULL, NULL, NULL, 1, '2014-01-11 03:54:38', NULL),
(94, 21, '29', '1389430507_1389430507.jpg', NULL, NULL, NULL, 1, '2014-01-11 03:55:07', NULL),
(95, 21, '30', '1389430697_1389430697.jpg', NULL, NULL, NULL, 1, '2014-01-11 03:58:17', NULL),
(96, 21, '31', '1389430731_1389430731.jpg', NULL, NULL, NULL, 1, '2014-01-11 03:58:51', NULL),
(97, 21, '32', '1389430761_1389430761.jpg', NULL, NULL, NULL, 1, '2014-01-11 03:59:21', NULL),
(98, 21, '33', '1389430798_1389430798.jpg', NULL, NULL, NULL, 1, '2014-01-11 03:59:58', NULL),
(99, 21, '34', '1389430841_1389430841.jpg', NULL, NULL, NULL, 1, '2014-01-11 04:00:41', NULL),
(100, 21, '35', '1389430908_1389430908.jpg', NULL, NULL, NULL, 1, '2014-01-11 04:01:48', NULL),
(101, 21, '36', '1389430944_1389430944.jpg', NULL, NULL, NULL, 1, '2014-01-11 04:02:24', NULL),
(102, 21, '37', '1389430979_1389430979.jpg', NULL, NULL, NULL, 1, '2014-01-11 04:02:59', NULL),
(103, 21, '38', '1389431004_1389431004.jpg', NULL, NULL, NULL, 1, '2014-01-11 04:03:24', NULL),
(104, 21, '39', '1389431049_1389431049.jpg', NULL, NULL, NULL, 1, '2014-01-11 04:04:09', NULL),
(105, 21, '40', '1389431085_1389431085.jpg', NULL, NULL, NULL, 1, '2014-01-11 04:04:45', NULL),
(106, 21, '41', '1389431107_1389431107.jpg', NULL, NULL, NULL, 1, '2014-01-11 04:05:07', NULL),
(107, 21, '42', '1389431133_1389431133.jpg', NULL, NULL, NULL, 1, '2014-01-11 04:05:33', NULL),
(108, 21, '43', '1389431168_1389431168.jpg', NULL, NULL, NULL, 1, '2014-01-11 04:06:08', NULL),
(109, 21, '44', '1389431192_1389431192.jpg', NULL, NULL, NULL, 1, '2014-01-11 04:06:32', NULL),
(110, 21, '45', '1389431241_1389431241.jpg', NULL, NULL, NULL, 1, '2014-01-11 04:07:21', NULL),
(111, 21, '46', '1389431280_1389431280.jpg', NULL, NULL, NULL, 1, '2014-01-11 04:08:00', NULL),
(112, 21, '47', '1389431316_1389431316.jpg', NULL, NULL, NULL, 1, '2014-01-11 04:08:36', NULL),
(113, 21, '48', '1389431356_1389431356.jpg', NULL, NULL, NULL, 1, '2014-01-11 04:09:16', NULL),
(114, 21, '49', '1389431378_1389431378.jpg', NULL, NULL, NULL, 1, '2014-01-11 04:09:38', NULL),
(115, 22, 'Gallery1', '1389695788_1389695788.jpg', NULL, NULL, NULL, 0, '2014-01-14 05:36:28', NULL),
(116, 21, 'sample gallery', '1389695998_1389695998.jpg', NULL, NULL, NULL, 1, '2014-01-14 05:39:58', NULL);

-- --------------------------------------------------------

--
-- Table structure for table `links`
--

CREATE TABLE IF NOT EXISTS `links` (
  `id` int(11) NOT NULL AUTO_INCREMENT,
  `name` varchar(225) DEFAULT NULL,
  `tag_title` varchar(225) DEFAULT NULL,
  `new_window` tinyint(1) DEFAULT NULL,
  `parent_id` int(11) DEFAULT NULL,
  `menu_id` int(11) DEFAULT NULL,
  `ref_id` int(11) DEFAULT NULL,
  `module` varchar(255) DEFAULT NULL,
  `url` varchar(500) DEFAULT NULL,
  `reorder` int(11) DEFAULT NULL,
  `status` tinyint(2) DEFAULT NULL,
  PRIMARY KEY (`id`)
) ENGINE=MyISAM  DEFAULT CHARSET=latin1 AUTO_INCREMENT=81 ;

--
-- Dumping data for table `links`
--

INSERT INTO `links` (`id`, `name`, `tag_title`, `new_window`, `parent_id`, `menu_id`, `ref_id`, `module`, `url`, `reorder`, `status`) VALUES
(38, 'Resources', '', 0, 0, 2, 6, 'Page', NULL, 5, 1),
(43, 'Enterprise Quality Solutions', '', 0, 41, 1, 8, 'Page', NULL, 1, 1),
(42, 'Intelligent Analytical Modeler™', '', 0, 41, 1, 7, 'Page', NULL, 0, 1),
(41, 'Solutions', '', 0, 0, 1, 3, 'Page', NULL, 2, 1),
(40, 'About Us', '', 0, 0, 1, 2, 'Page', NULL, 1, 1),
(52, 'Home', '', 0, 0, 2, 17, 'Page', NULL, 0, 1),
(37, 'Contact', '', 0, 0, 2, 5, 'Page', NULL, 4, 1),
(36, 'Professional Services', '', 0, 0, 2, 4, 'Page', NULL, 3, 1),
(35, 'Solutions', '', 0, 0, 2, 3, 'Page', NULL, 2, 1),
(53, 'False Answer Supervision', '', 0, 45, 1, 25, 'Page', NULL, 0, 1),
(34, 'About Us', '', 0, 0, 2, 2, 'Page', NULL, 1, 1),
(44, 'Call Quality Manager', '', 0, 43, 1, 12, 'Page', NULL, 0, 1),
(45, 'Fraud Management', '', 0, 41, 1, 9, 'Page', NULL, 2, 1),
(46, 'Sales Intelligence Tool', '', 0, 41, 1, 10, 'Page', NULL, 3, 1),
(47, 'Unstructured Intelligence Tools', '', 0, 41, 1, 11, 'Page', NULL, 4, 1),
(49, 'Contact', '', 0, 0, 1, 5, 'Page', NULL, 3, 1),
(50, 'Resources', '', 0, 0, 1, 6, 'Page', NULL, 4, 1),
(51, 'Home', '', 0, 0, 1, 17, 'Page', NULL, 0, 1),
(54, 'International Revenue Share Fraud', '', 0, 45, 1, 26, 'Page', NULL, 1, 1),
(55, 'Voice Quality Manager', '', 0, 43, 1, 23, 'Page', NULL, 1, 1),
(56, 'IPX QoS Performance Manager', '', 0, 43, 1, 24, 'Page', NULL, 2, 1),
(57, 'Test Page', '', 0, 45, 1, 31, 'Page', NULL, 2, 1),
(69, 'Find Us on Facebook', '', 1, 0, 2, NULL, 'Custom', 'https://www.facebook.com/datanomers', 6, 1);

-- --------------------------------------------------------

--
-- Table structure for table `mails`
--

CREATE TABLE IF NOT EXISTS `mails` (
  `id` int(11) NOT NULL AUTO_INCREMENT,
  `mail_to` varchar(225) DEFAULT NULL,
  `mail_heading` varchar(255) DEFAULT NULL,
  `mail_title` varchar(255) DEFAULT NULL,
  `mail_from_email` varchar(255) DEFAULT NULL,
  `mail_from_name` varchar(225) DEFAULT NULL,
  `mail_subject` text,
  `mail_body` text,
  `status` tinyint(4) NOT NULL DEFAULT '1',
  `ordering` int(11) NOT NULL,
  `created_at` datetime NOT NULL,
  `updated_at` datetime NOT NULL,
  PRIMARY KEY (`id`)
) ENGINE=MyISAM  DEFAULT CHARSET=latin1 AUTO_INCREMENT=7 ;

--
-- Dumping data for table `mails`
--

INSERT INTO `mails` (`id`, `mail_to`, `mail_heading`, `mail_title`, `mail_from_email`, `mail_from_name`, `mail_subject`, `mail_body`, `status`, `ordering`, `created_at`, `updated_at`) VALUES
(1, 'tets', 'Visiter Query', 'Welcome to Datanomers : Administrator', 'From Visitor', '', 'A Mail From Visiter', '<p>Dear Admin, A Visitor has taken interest in Datanomers .Please review and respond him/her soon.</p>\r\n\r\n<table border="0" cellpadding="0" cellspacing="0" width="70%">\r\n	<tbody style="font-weight:bold;">\r\n		<tr>\r\n			<td style="font-size: 12px; color: #000;" width="25%"><font face="Arial, Helvetica, sans-serif">&nbsp;Name:</font></td>\r\n			<td width="9%">&nbsp;</td>\r\n			<td style="font-size: 12px; color: #444;" width="66%">{NAME}</td>\r\n		</tr>\r\n		<tr>\r\n			<td colspan="3" height="5px">&nbsp;</td>\r\n		</tr>\r\n		<tr>\r\n			<td style="font-size: 12px; color: #000;" width="25%"><font face="Arial, Helvetica, sans-serif">Email:</font></td>\r\n			<td width="9%">&nbsp;</td>\r\n			<td style="font-size: 12px; color: #444;" width="66%">{EMAIL}</td>\r\n		</tr>\r\n		<tr>\r\n			<td colspan="3" height="5px">&nbsp;</td>\r\n		</tr>\r\n		<tr>\r\n			<td style="font-size: 12px; color: #000;" width="25%"><font face="Arial, Helvetica, sans-serif">Phone</font></td>\r\n			<td width="9%">&nbsp;</td>\r\n			<td style="font-size: 12px; color: #444;" width="66%">{PHONE}</td>\r\n		</tr>\r\n		<tr>\r\n			<td colspan="3" height="5px">&nbsp;</td>\r\n		</tr>\r\n		<tr>\r\n			<td style="font-size: 12px; color: #000;"><label><font face="Arial, Helvetica, sans-serif">City</font>:</label></td>\r\n			<td width="9%">&nbsp;</td>\r\n			<td style="font-size: 12px; color: #444;" width="66%">{CITY}</td>\r\n		</tr>\r\n		<tr>\r\n			<td colspan="3" height="5px">&nbsp;</td>\r\n		</tr>\r\n		<tr>\r\n			<td style="font-size: 12px; color: #000;"><label><font face="Arial, Helvetica, sans-serif">Message:</font></label></td>\r\n			<td width="9%">&nbsp;</td>\r\n			<td style="font-size: 12px; color: #444;" width="66%">{MESSAGE}</td>\r\n		</tr>\r\n		<tr>\r\n			<td colspan="3" height="5px">&nbsp;</td>\r\n		</tr>\r\n	</tbody>\r\n</table>\r\n', 1, 1, '2013-09-04 17:03:19', '2014-01-21 19:26:54'),
(2, NULL, 'Welcome to Datanomers', 'Welcome to  Datanomers', 'From Administrator', NULL, 'Thank You To Taking Interest in Datanomers', '<p>Datanomers&nbsp;will get in touch with you soon.</p>\r\n\r\n<p>Thank You.</p>\r\n', 1, 2, '2013-09-04 17:08:01', '2014-01-17 02:18:17'),
(5, NULL, 'User Registration', 'User Registration: Datanomers', 'Datanomers', NULL, 'Datanomers : New User Account Details', '<p style="font-size: 13px;">Dear User,</p>\r\n\r\n<p style="font-size: 13px;">Your registration for user account(admin) has been created successfully.<span style="line-height: 1.6em;">&nbsp;Please follow the link below to activate your account with your u</span><span style="font-size: 13px;">sername : {USERNAME}&nbsp;</span></p>\r\n\r\n<p><a href="http://{url}">Click Here To Activate Your Account</a></p>\r\n\r\n<p style="font-size: 13px;"><span style="line-height: 1.6em;">Thank You.</span></p>\r\n', 1, 3, '2014-01-03 05:50:54', '2014-01-17 02:18:55'),
(4, '{email}', 'Reset Password', 'Lost Password', 'himanshu.admin@gmail.com', 'Administrator', 'Reset Password', '<p style="font-size: 13px;">Dear {NAME},</p>\r\n\r\n<p style="font-size: 13px;">Your request for forget password has been recieved.<span style="line-height: 1.6em;">&nbsp;Please follow the link below to reset&nbsp;your password&nbsp;with your u</span><span style="font-size: 13px;">sername : {USERNAME}&nbsp;</span></p>\r\n\r\n<p><a href="http://{url}">Click Here To Reset&nbsp;Your Password</a></p>\r\n\r\n<p style="font-size: 13px;"><span style="line-height: 1.6em;">Thank You.</span></p>\r\n', 1, 0, '2013-09-04 18:26:31', '2014-01-22 11:30:38'),
(6, '{email}', 'This is test confirmation', 'This is test', 'himanshumahara@gmail.com', 'Himansh', 'test mail', 'test mail', 1, 0, '2014-01-19 12:51:21', '0000-00-00 00:00:00');

-- --------------------------------------------------------

--
-- Table structure for table `menus`
--

CREATE TABLE IF NOT EXISTS `menus` (
  `id` int(11) NOT NULL AUTO_INCREMENT,
  `name` varchar(225) DEFAULT NULL,
  `created_at` datetime DEFAULT NULL,
  `updated_at` datetime DEFAULT NULL,
  PRIMARY KEY (`id`)
) ENGINE=MyISAM  DEFAULT CHARSET=latin1 AUTO_INCREMENT=3 ;

--
-- Dumping data for table `menus`
--

INSERT INTO `menus` (`id`, `name`, `created_at`, `updated_at`) VALUES
(1, 'Top Menu', '2013-10-02 00:00:00', NULL),
(2, 'Footer Menu', NULL, '2013-10-08 03:28:41');

-- --------------------------------------------------------

--
-- Table structure for table `pages`
--

CREATE TABLE IF NOT EXISTS `pages` (
  `id` int(11) NOT NULL AUTO_INCREMENT,
  `name` varchar(225) DEFAULT NULL,
  `parent_id` int(11) DEFAULT NULL,
  `page_title` varchar(225) DEFAULT NULL,
  `banner_image` varchar(255) DEFAULT NULL,
  `show_top_menu` tinyint(2) DEFAULT NULL,
  `show_footer_menu` tinyint(2) DEFAULT NULL,
  `url_key` varchar(255) NOT NULL,
  `page_template` varchar(255) DEFAULT NULL,
  `sub_page` tinyint(4) DEFAULT NULL,
  `gallery` tinyint(4) DEFAULT NULL,
  `page_metakeyword` text,
  `page_metadescription` text,
  `page_shortdescription` text,
  `page_longdescription` text,
  `page_seo_keyword` varchar(125) DEFAULT NULL,
  `page_order` int(11) DEFAULT NULL,
  `status` tinyint(2) DEFAULT '1' COMMENT '1-active , 0 - deactive',
  `created_at` datetime DEFAULT NULL,
  `updated_at` datetime DEFAULT NULL,
  PRIMARY KEY (`id`)
) ENGINE=InnoDB  DEFAULT CHARSET=latin1 AUTO_INCREMENT=32 ;

--
-- Dumping data for table `pages`
--

INSERT INTO `pages` (`id`, `name`, `parent_id`, `page_title`, `banner_image`, `show_top_menu`, `show_footer_menu`, `url_key`, `page_template`, `sub_page`, `gallery`, `page_metakeyword`, `page_metadescription`, `page_shortdescription`, `page_longdescription`, `page_seo_keyword`, `page_order`, `status`, `created_at`, `updated_at`) VALUES
(2, 'About Us', 0, 'About Us', '1389790101_1389790101.jpg', NULL, NULL, 'about-us', 'pagetemplates/default_template', 0, NULL, '', '', '', '<p>Datanomers, a Big Data Analytics Company has successfully guided customers on how to leverage machine learning algorithms in data analytics for automation to improve productivity, drive more business and make better business decisions that will give them a competitive edge.<br />\r\nDatanomers has been offering Big Data Solutions through it&rsquo;s partner, IPsoft <a href="http://www.ipsoft.com" target="_blank"><u>www.ipsoft.com</u></a>. We have helped several fortune 100 customer like Verizon, Tata Communications, KDDI etc</p>\r\n\r\n<p><strong>Deepak Dube, Ph.D.<br />\r\nFounder, President &amp; CEO</strong><br />\r\nDeepak Dube graduated from Illinois Institute of Technology in 1988 with an MS in Computer science. He received his doctorate in Computer Science in 1994 in performance modeling of mobile networks. He worked at Bell Labs for over 20 years as a research scientist in wireless networks, working on access technologies. He pioneered Quality of Service for converged networks; his patents and research led to the implementation of voice-video-data networks.</p>\r\n\r\n<p>Early on, he saw the immense impact intelligent machines would have on society; to see this vision take shape, he founded Datanomers and launched statistical machine learning solutions which led the drive for &quot;automation through machine intelligence.&quot; Most recently, he has coupled machine learning with &ldquo;big data analytics&rdquo; to roll out advanced technology solutions for better business insights, strategy and execution.</p>\r\n\r\n<p><strong>Pranay Kumar Pogde<br />\r\nCo-Founder, President Engineering </strong><br />\r\nAs President of Engineering, Pranay is responsible for delivering on promise to customers and steering company&rsquo;s strategic technology innovation initiatives.</p>\r\n\r\n<p>Prior to founding Datanomers Pranay served as a senior product architect at CTO office at Juniper Networks and played technical leadership roles in wired and wireless networking product business unit at Juniper. Pranay has led, built and delivered several engineering products over past 18 years at Juniper Networks, Caspian Networks, Nokia Inc, AT&amp;T and Hughes Systems.</p>\r\n\r\n<p>Pranay received a bachelor&#39;s degree in computer science from National Institute of Technology Nagpur, India (VNIT, 1994) and master&#39;s degree in computer science and automation from Indian Institute of Science Bangalore, India (IISc, 1996). Pranay has several patents pending on scalable network architectures.</p>\r\n', NULL, NULL, 1, '2014-01-14 07:32:33', '2014-01-23 02:47:54'),
(3, 'Solutions', 0, 'Solutions', '1389858401_1389858401.jpg', NULL, NULL, 'solutions', 'pagetemplates/default_template', 1, NULL, '', '', '', '<p>We build Big Data analytics solutions that offer Actionable Intelligence. Accuracy is our hallmark and claim to fame. Our solutions are unique: they are expert systems that, based on advanced machine learning, are accurate, easy to operate, and automate processes. Your business is competitive - now more than ever, you need to differentiate from competitors, with better service to high value customers, delivered cost-effectively. You need to get ahead of competitors in your business processes to pursue opportunities objectively. That&rsquo;s what our solutions help you deliver. We guarantee you that. How? Because, our advanced analytics and machine-learning state-of-the-art technology offers business insight and intelligence, accurately &ndash; all at very reasonable price. this is a testtest</p>\r\n', NULL, NULL, 1, '2014-01-14 07:33:56', '2014-01-17 00:56:48'),
(4, 'Professional Services', 0, 'Professional Services', '1389878730_1389878730.jpg', NULL, NULL, 'professional-services', 'pagetemplates/default_template', 0, NULL, '', '', '', '<p>The technology services that run your business are complex. The complexity, unless tackled and managed seamlessly you invariably incur delays and downtime. Your company&rsquo;s data is growing exponentially. Without proper systems in place to manage, organize and glean intelligent insights from this growing data, you will not only drown in, but also lose your competitive edge.</p>\r\n\r\n<p>How do you tackle this complexity? What&rsquo;s the solution? You must bring in innovations that bring substantial value and lasting competitive advantage to your business. You must bring disruption to your existing monitoring and management strategy to perform adaptive and full-service automation. To combat the onslaught of this complexity, you can no longer just rely on human intelligence and workforce. You must employ intelligent machines to analyze variables of your business and to automate remediation measures.</p>\r\n\r\n<p>You need Big Data analytics! It is the disruptive force that when applied right, helps you bring productive disruption to your management processes. Big Data promises to manage the complexity and helps make better informed decisions. But, are you ready for Big Data? How do put Big Data to practice &ndash; beyond hype?</p>\r\n\r\n<p>Datanomers can help you address the questions and provide solutions. Our strategic consulting and professional services in big data include readiness assessment, foundational architecture and accurate analytics that help you extract the business intelligence from huge volume of data and myriads of data sources. Our patented Big Data statistical solutions are the next level in automation and provide deep insights to customers and enable effective business decision making.</p>\r\n\r\n<h3>Our Approach:</h3>\r\n\r\n<p>Our approach is to understand your business through in-depth discussions, develop strategic requirements that align with your long term objectives, identify technology solutions to meet the requirements and provide roadmap to implement customized Big Data solutions at a reasonable cost. We develop and deliver programs designed around your specific business goals using a foundation of research and insights across technologies, geographies and industries as well as expertise across practice areas that span strategy, sales and marketing, and business measurement and management.</p>\r\n\r\n<p>Datanomers custom solutions harness the power of advanced autonomics, thought leadership, and innovative best practices to drive your business forward. With proven approaches and research-backed methodologies, Datanomers helps you build successful business strategies and make informed decisions for planning, budgeting, sales and marketing strategies. So you can engage your customer&rsquo;s and best of all, measure all aspects of your business.</p>\r\n\r\n<h3>Big Data Professional Services Portfolio:</h3>\r\n\r\n<ul>\r\n	<li>Big Data Analytics</li>\r\n	<li>Real-Time Big Data &ndash; Expedited Reports Through Dashboard</li>\r\n	<li>Roadmap/Readiness Assessment from Big Data</li>\r\n	<li>Data Integration - ETL</li>\r\n	<li>Data Mining and Visualization</li>\r\n</ul>\r\n\r\n<h3>Big Data Professional Services:</h3>\r\n\r\n<p>We conduct extensive readiness assessment from. With your input, we short list, prioritize and define which business relevant outcomes we need to target, study and analyze. We help collect and sanitize data from variety of sources and in variety of formats. We help ingest and transform data (both structured and unstructured). We size the solution right for your data (volumes) and your speed (velocity) requirements. We propose the right blend of technologies based on your analytics needs - real-time or batch-analytics.</p>\r\n\r\n<p>We assist you with capacity planning based on the analysis of your existing resources health and data growth trends. We assist you with making decisions on: which technologies to select (search, text-analytics, data mining etc.), what platform, and which vendors. We help you address cross-organization challenges for data management. In a nutshell, we hand hold you through the process of readiness assessment to ascertain &ndash; are you ready? If not, what would it take?</p>\r\n\r\n<p>Unstructured data for analytics must be stored and accessed differently than core enterprise data. We will design your big data storage infrastructure using best practices with an in-depth understanding of the unique data, analytics and complex requirements. We can maximize your storage investments, reduce risks and assure that your cluster performs optimally and can easily scale as your data and workloads.</p>\r\n\r\n<p>We help define a foundational architecture that must address volume, variety, velocity and most importantly veracity (accuracy) aspects of big data analytics. Veracity has to address - data sanitization, noise elimination, identify relationships with proven statistical techniques and measures {scatter plots, correlation, clustering, entropy, percentiles and more}. A well-defined and well-built foundational architecture goes long way to support multiple big-data projects.</p>\r\n\r\n<p>We will work with customers and partners to evaluate the potential big data analytics can have on your business and systems before you invest. We will closely examine the use cases and goals to prove the prototype functionality and will document the process and results for use in production. A POC entails the architecture, design, deployment of technologies, data load and results testing. We then provide documentation of the process and findings a production pilot recommendations.</p>\r\n\r\n<p>We help define cross-organizational processes around data ingestion, data management and actionable analytics. Post-readiness assessment review, we help seek approval, build teams and execute to the projects.</p>\r\n', NULL, NULL, 1, '2014-01-14 07:39:07', '2014-01-16 08:25:30'),
(5, 'Contact', 0, 'Contact', '1389878789_1389878789.jpg', NULL, NULL, 'contact', 'self_banner', 0, NULL, '', '', '', '<div class="contact-info">\r\n<h3>USA office</h3>\r\n\r\n<div class="loaction">Datanomers<br />\r\n4400 Rt. 9,<br />\r\nSouth Suite # 1000,<br />\r\nFreehold,<br />\r\nNew Jersey 07728</div>\r\n\r\n<div class="mail"><a href="mailto:sales@datanomers.com">sales@datanomers.com</a></div>\r\n\r\n<div class="phone">Tel: 732-863-1803, 732-863-6991</div>\r\n</div>\r\n<!--end contact-info-->\r\n\r\n<div class="contact-info">\r\n<h3>India office</h3>\r\n\r\n<div class="loaction">Datanomers<br />\r\nParsvananth Swarna Nagari,<br />\r\nSuite #402,<br />\r\nPower #3, Greater NOIDA,<br />\r\nUP 201301</div>\r\n\r\n<div class="phone">Tel: 91-9871394437</div>\r\n</div>\r\n<!--end contact-info-->', NULL, NULL, 1, '2014-01-14 07:39:41', '2014-01-23 07:46:36'),
(6, 'Resources', 0, 'Resources', '1389851376_1389851376.jpg', NULL, NULL, 'resources', 'parent_page', 0, NULL, '', '', '', '<div class="video first"><iframe allowfullscreen="" frameborder="0" height="250" src="//www.youtube.com/embed/0nik7IucWRQ?rel=0" width="100%"></iframe></div>\r\n\r\n<div class="video"><iframe allowfullscreen="" frameborder="0" height="250" src="//www.youtube.com/embed/AiD3lI3K5Yo?rel=0" width="100%"></iframe></div>\r\n\r\n<div class="video last"><iframe allowfullscreen="" frameborder="0" height="250" src="//www.youtube.com/embed/OO_P7A18M_0?rel=0" width="100%"></iframe></div>\r\n\r\n<h3 class="heading-main" style="float:left; margin-top:30px;">Case study</h3>\r\n\r\n<div class="pdf">\r\n<ul>\r\n	<li><a href="http://datanomers.checkyourprojects.com/app/webroot/ck_files/files/BigData.pdf" target="_blank">Click here</a> to see our BigData Solutions</li>\r\n	<li><a href="http://datanomers.checkyourprojects.com/app/webroot/ck_files/files/BigData_Solutions.pdf" target="_blank">Click here</a> to see our BigData</li>\r\n	<li><a href="http://datanomers.checkyourprojects.com/app/webroot/ck_files/files/ProductSheetFM-V2_2(1).pdf" target="_blank">Click here</a> to see our Product SheetFM-V2.2</li>\r\n	<li><a href="http://datanomers.checkyourprojects.com/app/webroot/ck_files/files/ProductSheetST.pdf" target="_blank">Click here</a> to see our Product SheetST</li>\r\n</ul>\r\n</div>\r\n', NULL, NULL, 1, '2014-01-14 07:42:56', '2014-01-23 07:10:14'),
(7, 'Intelligent Analytical Modeler™', 3, 'Intelligent Analytical Modeler', '1389778684_1389778684.jpg', NULL, NULL, 'intelligent-analytical-modeler', 'Pages/pagetemplates/full_page', 0, NULL, '', '', '<p>There are challenges to discover what parameters to study that impact a business outcome. Relationships between myriads of parameters, characteristic of parameters - are difficult to define. Once the parameters are discovered, you&#39;re confronted with the next challenge: sanitize the data before processing it. Subject matter experts must statistically analyze relationships between parameters to weed out noise and outliers.</p>\r\n', '<div class="left-side"><img alt="" src="http://datanomers.checkyourprojects.com/app/webroot/ck_files/images/inteletical.png" /></div>\r\n\r\n<p>There are challenges to discover what parameters to study that impact a business outcome. Relationships between myriads of parameters, characteristic of parameters - are difficult to define. Once the parameters are discovered, you&#39;re confronted with the next challenge: sanitize the data before processing it. Subject matter experts must statistically analyze relationships between parameters to weed out noise and outliers.</p>\r\n\r\n<p>Next comes the major challenge: how to derive a statistical model from the parameters for predictive analytics? Traditional solutions rely mostly on linear regression models. But rarely does your business world fit into simplistic linear models.</p>\r\n\r\n<p><strong>What if an intelligent machine could automatically:</strong></p>\r\n\r\n<ul class="int-content">\r\n	<li>identify parameters (predictors) which impact a business outcome, and</li>\r\n	<li>generate reasonably accurate statistical model for predictive analytics so that you trust its results? It would help jump start and accelerate the results, freeing up your data scientists to refine the generated model.</li>\r\n</ul>\r\n\r\n<p>Veracity in your big data solution would give you the confidence in using its results to run your business better - based on objective, quantitative information. That&#39;s the promise of the Intelligent Analytical Modeler.</p>\r\n', NULL, NULL, 1, '2014-01-15 04:38:04', '2014-01-23 07:33:37'),
(8, 'Enterprise Quality Solutions', 3, 'Enterprise Quality Solutions', '1389778756_1389778756.jpg', NULL, NULL, 'enterprise-quality-solutions', 'pagetemplates/default_template', 1, NULL, '', '', '<h3>Call Quality Manager</h3>\r\n\r\n<p>Datanomer&rsquo;s Big Data Solutions are comprehensive and unique: based on expert systems autonomics and cognitive science, intuitive, accurate and can easily automate complex processes. One such solution is Call Quality Solution for enterprise and carriers. Some of the biggest enterprise in the world have benefited financially from this solution. CQM is our flagship Big Data Solution.</p>\r\n\r\n<h3>Voice Quality Manager</h3>\r\n\r\n<p>Datanomers&rsquo; VQA is a big data analytical solution that detects and remediates voice quality in near real time. The solution reduces customer churn and helps you bring in high margin premium traffic for enterprise customers, mobile operators, service providers and wholesale carriers.</p>\r\n\r\n<h3>IPX QoS Performance Manager</h3>\r\n\r\n<p>The promise of IPX technology is to provide richer and higher quality of user experience for the end subscriber. However, keeping the promise is extremely challenging unless rigorous quality management measures are put in place. The measures must comprehensively address the 3 levels of QoS for IPX deployments &ndash; Transport, IPX Service and User Experience.</p>\r\n', '', NULL, NULL, 1, '2014-01-15 04:39:16', '2014-01-16 06:56:33'),
(9, 'Fraud Management', 3, 'Fraud Management', '1389779898_1389779898.jpg', NULL, NULL, 'fraud-management', 'pagetemplates/default_template', 1, NULL, '', '', '<h3>False Answer Supervision</h3>\r\n\r\n<p>The carrier business is competitive: voice products are increasingly commoditized, and margins are getting razor thin. Carriers need to differentiate from their competitors, by providing better, cost-effective, service to high value customers. That&rsquo;s what Datanomer&rsquo;s solutions help you deliver. Datanomers Big Data Solutions are comprehensive and unique: based on expert systems autonomics and cognitive science, are intuitive, accurate and can easily automate complex processes. One such solution is False Answer Supervision. The biggest telecom carriers in the world have benefited financially from the solutions.</p>\r\n\r\n<h3>International Revenue Share Fraud</h3>\r\n\r\n<p>International Revenue Share Fraud (IRSF) is one of the most menacing frauds plaguing the telecom industry. IRSF is caused by the artificial inflation of traffic or traffic pumping to the premium rate numbers in the world.<br />\r\nDatanomers&rsquo; International Revenue Share Fraud tool is a big data analytical solution that detects International Revenue Share Fraud (IRSF) and remediates it in near real time which will avert huge financial losses for enterprise customers, mobile operators, service providers and wholesale carriers.</p>\r\n', '<div class="solutions">\r\n<h3 class="heading-main">Big Data Solution: False Answer Supervision</h3>\r\n\r\n<p>The carrier business is competitive: voice products are increasingly commoditized, and margins are getting razor thin. Carriers need to differentiate from their competitors, by providing better, cost-effective, service to high value customers. That&rsquo;s what Datanomer&rsquo;s solutions help you deliver. Datanomers Big Data Solutions are comprehensive and unique: based on expert systems autonomics and cognitive science, are intuitive, accurate and can easily automate complex processes. One such solution is False Answer Supervision. The biggest telecom carriers in the world have benefited financially from the solutions.<br />\r\nOnce you deploy our Fraud Management Solution, you will notice an immediate improvement in route quality. How?</p>\r\n\r\n<p>Because, our advanced statistical machine-learning state-of-the-art technology is highly accurate and has global coverage that enables the deployment of our solution to break even in under a year. Your route quality improves substantially as you rid it of fraud. Your customers notice and give you more business, especially for premium traffic with higher margins. Your business differentiates and grows.</p>\r\n\r\n<h3>The Challenge</h3>\r\n\r\n<p><strong>What is Fraud and How Does it Afflict Carriers?</strong><br />\r\nFraud has permeated in both carriers and enterprises, bleeding over $6B dollars annually from carriers. The result: Unhappy Customers Switching Carriers, Lost revenue for Carriers because of no fault of their own, Customer churn. Enterprises get unexpected, large bills and demands for payment.</p>\r\n\r\n<p><strong>Fraud Types</strong><br />\r\nThere are several types of fraud, But most important ones are:<br />\r\n1- False Answer Supervision (FAS),<br />\r\n2- Premium Rate Fraud (IPRF) and<br />\r\n3- Mobile Fraud.</p>\r\n\r\n<div class="left-side"><img alt="" src="img/img-9.png" /></div>\r\n\r\n<p>FAS is perhaps the most prevalent and is under the control of international carriers. So What is FAS? FAS occurs when a call is falsely answered by a downstream carrier so they can start billing well in advance of the real answer. Even worse for customers is a phenomenon, known as call hijacking, where the call is routed to an automated voice system designed to keep them on the phone while billing continues; not only do they get a huge bill, but the call does not even reach the dialed customer.</p>\r\n\r\n<p>IPRF occurs when a premium rate service provider colludes with a hacker to break into a PBX, launch a large number of calls to an international premium rate destination, get a share of the profits from the distant service provider, and disappear before the break-in is found. The enterprise whose PBX was hacked refuses to pay the bill and carriers in the chain dispute billing, resulting in large losses for all concerned!</p>\r\n\r\n<p>Mobile Fraud is very damaging to the mobile industry with cloned SIMs and roaming fraud generating many unpaid calls to distant high rate premium codes.</p>\r\n\r\n<p style="width:100%; float:left;"><strong>Carriers Fight Back</strong><br />\r\nCarriers are now increasingly serious about fighting fraud. They have banded together, under the aegis of the standards i3Forum, to publish a process that removes traffic for weeks from those carriers without efficient fraud management systems, resulting in considerable revenue loss.<br />\r\nIf you don&#39;t police fraud in your network, you risk losing revenue.</p>\r\n\r\n<p style="width:100%; float:left;">There are probe based solutions in the market that do not come close to our solution in delivering features and functions and aren&#39;t effective in eradicating FAS. They have their limitations:</p>\r\n\r\n<ul class="int-content">\r\n	<li>In case of probe based solution, you need to have the carrier launch several synthetic calls to a all these destinations. If not FAS goes undetected.</li>\r\n	<li>Fraudsters are getting smart: for example, blended FAS which is done intelligently by the fraudulent suppliers in the network to avoid detection: FAS is switched on and off. for probe&#39;s synthetic calls to detect such blended FAS, the carrier needs to place several test calls to the same destination, daily, and then out of several to a destination, a couple may detect blended FAS. when you have blended FAS happening in the intl destinations, the OPex rises, the solution becomes more expensive than the issue it addresses.</li>\r\n	<li>Probe based solutions cannot handle the volume of CDRs our solution can handle</li>\r\n	<li>Probe based solution cannot accurately quantify fraud. Datanomers&rsquo; statistical solution is not academic. It quantifies fraud. It helps you make decisions to remediate supplier and goes a step further than all other solutions in the market. Our FAS solution stores the cdrs of fraud calls which provides you with the irrefutable evidence that a supplier was doing FAS. Now we can dispute billing w/ suppliers, negotiate better rates with them, trouble shoot the issue, and insist on better quality</li>\r\n</ul>\r\n\r\n<div class="left-side"><img alt="" src="img/img-10.png" /></div>\r\n\r\n<h3 style="width:100%; float:left;">The Solution</h3>\r\n\r\n<p style="width:100%; float:left;"><strong>Datanomer&rsquo;s Unique Solution</strong><br />\r\nDatanomer&rsquo;s fraud management solutions are the most technologically advanced on the market and some of the largest Global Carriers rely on Datanomer&rsquo;s solution to combat FAS, They statistically identify fraud directly from a carrier&rsquo;s CDRs. These global carriers have expressed <u>tremendous faith in our solutions</u>.</p>\r\n\r\n<p style="width:100%; float:left;"><strong>Datanomers FAS Solution Differentiator: </strong></p>\r\n\r\n<ul class="int-content">\r\n	<li>Accuracy of 95% while detecting 90% of the fraud.</li>\r\n	<li>64-Bit industrial server architecture scales to 200M CDRs daily with peak processing rate of 10M CDRs per hour.</li>\r\n	<li>Detects fraud in near real-time. It can easily integrate into your operations systems to stop fraud quickly before it is noticed, reducing customer trouble ticket volume by 15%.</li>\r\n	<li>Stores fraud CDRs so that you can quantify the extent of the fraud, create reports on various suppliers and destinations, and withhold fraudulent payments.</li>\r\n	<li>Covers 100% of worldwide destinations with no extra costs of test calls and probes</li>\r\n	<li>With Datanomers&rsquo; statistical solution, you do not have opex. because it doesn&#39;t generate synthetic calls</li>\r\n</ul>\r\n\r\n<div class="left-side"><img alt="" src="http://datanomers.checkyourprojects.com/app/webroot/ck_files/images/img-9.png" /></div>\r\n\r\n<p class="int-content">Datanomers FAS solution is deployed in your data center managed and administered by you, or as some carriers prefer, in our private cloud and managed and administered by us. Our solution breaks even in under a year, the financials that prove this have been vetted by standards forum and independently verified by carriers</p>\r\n\r\n<div class="left-side"><img alt="" src="http://datanomers.checkyourprojects.com/app/webroot/ck_files/images/img-10.png" /></div>\r\n\r\n<div class="left-side"><img alt="" src="http://datanomers.checkyourprojects.com/app/webroot/ck_files/images/img-11.png" /></div>\r\n</div>\r\n\r\n<div class="solutions">\r\n<h3 class="heading-main">Big Data Solution: International Revenue Share Fraud IRSF&trade;</h3>\r\n\r\n<h3>Overview</h3>\r\n\r\n<p>International Revenue Share Fraud (IRSF) is one of the most menacing frauds plaguing the telecom industry. IRSF is caused by the artificial inflation of traffic or traffic pumping to the premium rate numbers in the world.<br />\r\nDatanomers&rsquo; International Revenue Share Fraud tool is a big data analytical solution that detects International Revenue Share Fraud (IRSF) and remediates it in near real time which will avert huge financial losses for enterprise customers, mobile operators, service providers and wholesale carriers.</p>\r\n\r\n<h3>The Challenge</h3>\r\n\r\n<p>According to the Communications Fraud Control Association (CFCA), telecom industry lost close to <u>$4B billion</u> to revenue share fraud.</p>\r\n\r\n<p><strong>Typically IRSF involves a nexus between the following. </strong></p>\r\n\r\n<ul>\r\n	<li>PRN (Premium Rate Number) Aggregators: who obtain range of fraudulent premium rate numbers (PRN) countries like Lithuania, Sao Tome and enter into an agreement with service providers falsely claiming entertainment services.</li>\r\n	<li>Hackers or the fraudsters who generate traffic. They either hack a PBX of a company, or clone SIM cards and generate millions of artificial calls to premium numbers.</li>\r\n</ul>\r\n\r\n<p>Hackers and the revenue share providers share the revenue generated by the fraudulent calls which will be billed either to the end customer or some carrier in the routing flow.</p>\r\n\r\n<div class="left-side"><img alt="" src="http://datanomers.checkyourprojects.com/app/webroot/ck_files/images/img-12.png" /></div>\r\n\r\n<ul>\r\n	<li>The alarming fact about IRSF is that it is triggered by many other means of fraud like PBX hacking, SIM card cloning, International roaming fraud, subscription theft.</li>\r\n	<li>These premium rate services are the eternal cash cow for the telecom carriers and they are more than willing to buy premium rate services without sufficient checks and balances to distinguish between a rigged and a genuine player.</li>\r\n	<li>The delays in identification of the nature and volume of the calls, delays in blocking the numbers makes IRSF extremely difficult to detect and combat.</li>\r\n	<li>The final straw is the nature of the carrier model, the money transfer has already been done to fraudulent providers who cannot be traced after the fraud has been discovered.</li>\r\n</ul>\r\n\r\n<h3>The Solution</h3>\r\n\r\n<p>Datanomers has come up with the state of the art big data analytical solution that detects and remediates IRSF in near real time. Below are</p>\r\n\r\n<table align="left" border="0" cellpadding="0" cellspacing="0" width="100%">\r\n	<tbody>\r\n		<tr>\r\n			<td class="brown-bg">Features</td>\r\n			<td class="brown-bg">Datanomers Solution</td>\r\n			<td class="brown-bg">Competitor Solutions</td>\r\n		</tr>\r\n		<tr>\r\n			<td class="brown-bg">Accuracy</td>\r\n			<td class="grey-bg" valign="top">\r\n			<ul>\r\n				<li>95% Accuracy</li>\r\n				<li>Patented Algorithms</li>\r\n				<li>Advanced Statistics like <u>Central Limit Theorem, entropy of random variables</u></li>\r\n				<li>Industry Expertise</li>\r\n			</ul>\r\n			</td>\r\n			<td class="grey-bg" valign="top">\r\n			<ul>\r\n				<li>Rely heavily on industry expertise and hot lists of premium service ranges</li>\r\n				<li>Elementary Statistics</li>\r\n				<li>Pre-defined patterns which generates a slew of False positives</li>\r\n			</ul>\r\n			</td>\r\n		</tr>\r\n		<tr>\r\n			<td class="brown-bg">Coverage</td>\r\n			<td valign="top">\r\n			<ul>\r\n				<li>Low Grade IRSF and Blended IRSF are caught in near real time.</li>\r\n				<li>Advanced Machine Learning working off the 200-300 million CDRs</li>\r\n				<li>Algorithms based on Covariance , K-Mean clustering of random variables</li>\r\n				<li>Low-Grade IRSF, Blended IRSF is caught and alerted</li>\r\n			</ul>\r\n			</td>\r\n			<td valign="top">\r\n			<ul>\r\n				<li>Pre-defined pattern to detect</li>\r\n				<li>Missed True positives</li>\r\n			</ul>\r\n			</td>\r\n		</tr>\r\n		<tr>\r\n			<td class="brown-bg">Remediation</td>\r\n			<td class="grey-bg" valign="top">\r\n			<ul>\r\n				<li>Auto-Removal/blockage of fraudulent ranges in near real time</li>\r\n				<li>ACTIONABLE INTELLIGENCE</li>\r\n			</ul>\r\n			</td>\r\n			<td class="grey-bg" valign="top">\r\n			<ul>\r\n				<li>Delays in detection and remediation</li>\r\n			</ul>\r\n			</td>\r\n		</tr>\r\n		<tr>\r\n			<td class="brown-bg">Evidence</td>\r\n			<td valign="top">\r\n			<ul>\r\n				<li>CDR(Call Detail Record) Repository stores fraudulent CDRs as irrefutable evidence</li>\r\n			</ul>\r\n			</td>\r\n			<td valign="top">\r\n			<ul>\r\n				<li>No CDR evidence for missed true positives and wrong CDRs for false</li>\r\n			</ul>\r\n			</td>\r\n		</tr>\r\n		<tr>\r\n			<td class="brown-bg">Scalability</td>\r\n			<td class="grey-bg" valign="top">\r\n			<ul>\r\n				<li>Scalable solution based on big data analytics</li>\r\n			</ul>\r\n			</td>\r\n			<td class="grey-bg" valign="top">\r\n			<ul>\r\n				<li>Questionable scalability</li>\r\n			</ul>\r\n			</td>\r\n		</tr>\r\n		<tr>\r\n			<td class="brown-bg">Process Improvement</td>\r\n			<td valign="top">\r\n			<ul>\r\n				<li>Email/SNMP notification</li>\r\n				<li>Better Operations KPI</li>\r\n				<li>Better SLAs</li>\r\n			</ul>\r\n			</td>\r\n			<td valign="top">\r\n			<ul>\r\n				<li>Operations team work with a myriad of tools and troubleshooting is slow and tedious</li>\r\n			</ul>\r\n			</td>\r\n		</tr>\r\n		<tr>\r\n			<td class="brown-bg">IRSF Dashboard</td>\r\n			<td class="grey-bg" valign="top">\r\n			<ul>\r\n				<li>Customers get a peek on how well fraud is kept under check</li>\r\n				<li>Rich set of reporting</li>\r\n			</ul>\r\n			</td>\r\n			<td class="grey-bg" valign="top">\r\n			<ul>\r\n				<li>Basic Reports</li>\r\n			</ul>\r\n			</td>\r\n		</tr>\r\n	</tbody>\r\n</table>\r\n\r\n<p>In a nutshell Datanomers&rsquo; IRSF solution helps you to Grow business strategically with a quality message. Big deals on the anvil rely on this. Quality is going to be the key in the years to come and Datanomers will help you be the game changer.</p>\r\n</div>\r\n', NULL, NULL, 1, '2014-01-15 04:58:18', '2014-01-16 06:57:07'),
(10, 'Sales Intelligence Tool', 3, 'Sales Intelligence Tool', '1389779997_1389779997.jpg', NULL, NULL, 'sales-intelligence-tool', 'pagetemplates/default_template', 0, NULL, '', '', '<p>Every Industry vertical strives for the ultimate goal of increasing sales and revenues. In the telecom industry that works on tight margins and stiffer competition, the need is even more profound.<br />\r\nDatanomers Big Data Sales Intelligence Solution intelligently identifies sales opportunities and boosts revenues- for wholesale carriers and mobile operators. The solution which is based on machine learning and advanced statistics analyzes processes huge volumes of CDRs which are of the magnitude of 200-300 million CDRs daily.</p>\r\n', '<h3>Overview</h3>\r\n\r\n<p>Every Industry vertical strives for the ultimate goal of increasing sales and revenues. In the telecom industry that works on tight margins and stiffer competition, the need is even more profound.<br />\r\nDatanomers Big Data Sales Intelligence Solution intelligently identifies sales opportunities and boosts revenues- for wholesale carriers and mobile operators. The solution which is based on machine learning and advanced statistics analyzes processes huge volumes of CDRs which are of the magnitude of 200-300 million CDRs daily.</p>\r\n\r\n<ul>\r\n	<li>Identifies unexplored markets or destinations for your existing customers that you do not currently receive traffic to so that you can focus your marketing campaigns on those markets to these customers.</li>\r\n	<li>Identifies your potential customers by determining the origination of where you get the traffic so that you target better rates and pricing to these potential customers.</li>\r\n</ul>\r\n\r\n<h3>The Challenge</h3>\r\n\r\n<ul>\r\n	<li>If you are a wholesale carrier, How do you explore new markets with your existing customers?</li>\r\n	<li>If you are a mobile operator, How do you decrease the subscriber revenue leakage to the OTT applications? How do you decrease the subscriber churn?</li>\r\n	<li>How do you find new potential customers?</li>\r\n	<li>How do you focus your marketing campaigns on the right markets?</li>\r\n	<li>How do you customize your products and offers to the right customers in the right destinations or markets?</li>\r\n	<li>How do you enhance Customer experience?</li>\r\n</ul>\r\n\r\n<h3>The Solution</h3>\r\n\r\n<p>Datanomers Big Data Sales Intelligence Solution works off your CDRs to identify significant current and missing markets or destinations for your current and potential customers.</p>\r\n\r\n<p>The kernel of Sales Intelligence tool has 2 solutions running in parallel.<br />\r\n1) The Gatherer<br />\r\n2) The Hunter</p>\r\n\r\n<p><u>The Gatherer solution</u> looks at your existing customers and finds opportunities to grow business and increase revenues. The self-learning solution identifies for the existing customer</p>\r\n\r\n<ul>\r\n	<li>Where their community of interest lies.</li>\r\n	<li>What specific market breakouts are attractive.</li>\r\n	<li>What markets or regions are other competing customers looking at, that needs to be addressed by this customer.</li>\r\n	<li>Presents a comprehensive dashboard on missing traffic including potential size, volume and performance of other customers.</li>\r\n</ul>\r\n\r\n<div class="left-side"><img alt="" src="http://datanomers.checkyourprojects.com/app/webroot/ck_files/images/img-7.png" /></div>\r\n\r\n<p><u>The Hunter solution</u> automatically looks for new customers that could be signed up</p>\r\n\r\n<ul>\r\n	<li>The advanced Big data solution finds out potential customers that uses the service and can directly terminate through you for the same quality and better rates.</li>\r\n	<li>It identifies origination networks where the potential carriers can build direct relationship to win business and offer better quality with higher margins, and fine-grained code to destination mapping (to pin-point origination networks).</li>\r\n	<li>For the potential customers our solution identifies the potential regions, volumes to make an attractive business case.</li>\r\n</ul>\r\n\r\n<div class="left-side"><img alt="" src="http://datanomers.checkyourprojects.com/app/webroot/ck_files/images/img-8.png" /></div>\r\n\r\n<p>The solution resides in your data center (License model), or as some carriers prefer, in Datanomers cloud (SaaS model).</p>\r\n\r\n<p>The Sales Intelligence tool helps win more revenues &ndash; sales. It easily integrates in your sales process. It helps you identify, strategize, plan for and execute your sales opportunity by presenting compelling business logic for your customers. It makes your sales opportunity management process and methodology complete. It will help you make a BIG Impact in your company.</p>\r\n\r\n<p>Contact us at <a href="mailto:leads@datanomers.com"><u>leads@datanomers.com</u></a> for an initial evaluation.</p>\r\n', NULL, NULL, 1, '2014-01-15 04:59:57', '2014-01-16 06:57:49'),
(11, 'Unstructured Intelligence Tools', 3, 'Unstructured Intelligence Tools', '1389780072_1389780072.jpg', NULL, NULL, 'unstructured-intelligence-tools', 'pagetemplates/default_template', 0, NULL, '', '', '<p>The Unstructured Intelligence Tools from Datanomer help mine cognitive insights from your unstructured data. The unstructured intelligence toolset is built on statistical machine learning and on natural language processing (NLP). The tools help eliminate the noise and organizes valuable information in structured form for logical deductions and inferences based on the business context.</p>\r\n', '<p>The Unstructured Intelligence Tools from Datanomers helps mine cognitive insights from your unstructured data. The unstructured intelligence toolset is built on statistical machine learning and on natural language processing (NLP). The tools helps eliminate the noise and organizes valuable information in structured form for logical deductions and inferences based on the business context.</p>\r\n\r\n<p>Unstrctured data happens to be the largest untapped resource of information in most organizations. IDC reports this data resource to grow as large as 90% of all your organization&#39;s data in this decade. There is a wealth of information important to business burried under the unstructured data. However, it is extremely challenging to mine the information - thus for many it remains &quot;untapped&quot;. The mining exercise is perceived to be expensive, time consuming and without guarantees for discovery of gems. Not anymore, Datanomers&rsquo; Unstructured Intelligence Toolset allows you to mine the intelligence systematically and quantifiably step by step.</p>\r\n\r\n<p>The Unstructured Intelligence Miner toolset allows you to converge rapidly to cognitive insights - the hardest challenges out there - speed and cognition. Unstructured data is rich in insights but at the same time is extremely rich in the noise as well. The sooner you eliminate the noise, the faster you would get to the gems. The noise here being all data that is irrelevant to pursuance of the analytics goal. That&#39;s the promise from Datanomers UIM SieveSet to eliminate all noise from the original unstructured data and leave you with rich contents ready for next level of analytics. The Datanomers UIM InsightSet allows you to mine actionable intelligence from the noise-free rich contents using tools based on advanced machine learning.</p>\r\n', NULL, NULL, 1, '2014-01-15 05:01:12', '2014-01-17 01:01:11'),
(12, 'Call Quality Manager', 8, 'Call Quality Manager', '1389780761_1389780761.jpg', NULL, NULL, 'call-quality-manager', 'pagetemplates/default_template', 0, NULL, '', '', NULL, '<div class="solutions">\r\n<div class="left-side"><img alt="" src="http://datanomers.checkyourprojects.com/app/webroot/ck_files/images/img-1.jpg"  /></div>\r\n\r\n<p>Datanomers&rsquo; Big Data Solutions are comprehensive and unique: based on expert systems autonomics and cognitive science, intuitive, accurate and can easily automate complex processes. One such solution is Call Quality Solution for enterprise and carriers. Some of the biggest enterprises in the world have benefited financially from this solution. CQM is our flagship Big Data Solution.</p>\r\n\r\n<h3>The Challenge</h3>\r\n\r\n<p style="margin-bottom:24px;">Call Quality has been defined and measured very narrowly in the industry. It&rsquo;s synonymous with &ldquo;voice quality,&rdquo; usually measured by ITU-T G.107 and P.862 that map to Mean Opinion Score (MOS). A call, however, has many other facets than voice. For instance, a subscriber is on a mobile, driving along, the call may have sounded fine while driving, but it dropped, and that&rsquo;s a big nuisance. The subscriber will have to redial to resume conversation, worse still if it were an enterprise subscriber on a conference call who has to enter several digits to log back in.<br />\r\nAnother scenario: a subscriber repeatedly dials an international termination, only to find that the call goes into a black hole (either due to excessive post dial delay or poor completion rate). It&rsquo;s irritating.</p>\r\n\r\n<p><strong>Do any of the following scenarios sound familiar?</strong></p>\r\n\r\n<ul>\r\n	<li>Do your calls go into a black hole? (retry several times, before your calls connect)</li>\r\n	<li>Do your calls have excessive post dial delay (wait for ringback, hangup, redial and wait longer for ringback)</li>\r\n	<li>Do your calls disrupt midway? (mobile calls drop, VoIP calls disconnect after a couple of seconds)</li>\r\n	<li>Do your calls have poor audio? (considerable echo, choppy or robotic audio, bursts of one-way voice)</li>\r\n	<li>Does your management solution pin-point root cause and how to fix it?</li>\r\n	<li>Do you get bills for incorrect amount? (routed to spurious announcements and billed, hacked PBX originates premium rate international calls)</li>\r\n</ul>\r\n\r\n<p>If you answer yes to any or all of the above scenarios, your Quality of User Experience (QUES) is not ideal and Datanomers Big Data CQM Solution will help.</p>\r\n\r\n<h3>The Solution</h3>\r\n\r\n<p>Our Call Quality Solution ensures better Quality of User Experience. What do we mean by QUES (Quality of User Experience)? Calls are monitored proactively in real time and re-routed to a better carrier to avoid bad user experience. Such calls are assigned a very low, subpar QUES Score by our Solution and our CQM Manager not only flags these calls but also suggest how to re-route such calls for high QUES score and low customer churn which Results in high customer satisfaction. To ensure high QUE, the alerts are generated in near real-time using Advanced Statistical Algorithms and Automation, You re-route the traffic to an alternative carrier that is better and recommended by &quot;Our Intelligent Analytics Modeler (IAM)&quot;, One of its kind in the market. This proactive management differentiates a voice service offered by a carrier or enterprise. Our Call Quality Manager works off your CDRs and differentiates from its competitors in that it is the first Solution in the market that provides Comprehensive State-of-the-Art QUES Score by managing the entire calling experience for an end user (call drops, high post dial delay, poor audio, poor connection rate - comprehensive QUES score). Most Industry Solutions today just monitor audio Quality (MOS)<br />\r\nOur solution has the ability to monitor 100 to 150 million calls per 24 hours in real time and is Comprehensive and based on Advanced Statistical Machine Learning Algorithms that monitors end to end User Experience to ensure Excellent QUES Score for a converged (fixed &amp; mobile) ubiquitous anytime-anywhere communication for the carriers and enterprise</p>\r\n\r\n<p><strong>Datanomers Call Quality kernel &ndash; Call Setup Quality(CSQ) </strong></p>\r\n\r\n<ul>\r\n	<li>Solves ECR (Excessive Call Retries)</li>\r\n	<li>Solves HPDD(High Post Dial Delay)</li>\r\n</ul>\r\n\r\n<div class="left-side"><img alt="" src="img/img-2.png" /></div>\r\n\r\n<p><strong>Datanomers Call Quality kernel &ndash; Call Conversational Quality(CCQ)</strong></p>\r\n\r\n<ul class="int-content">\r\n	<li>Solves ECD (Excessive Call Disruptions)</li>\r\n	<li>Solves PAQ(Poor Audio Quality)</li>\r\n</ul>\r\n\r\n<div class="left-side"><img alt="" src="img/img-3.png" /></div>\r\n\r\n<h3>Why Must You Implement Call Quality Manager Now?</h3>\r\n\r\n<p>Much of the world whether for enterprise or consumer traffic is still tied to uni-dimensional (call duration, completion rate) or MOS, which measure voice. The early birds, some of whom have moved towards comprehensive QUES, will have first movers advantage. VoIPX is on the horizon, offering superior MPLS transport to the feature-rich IMS platform. It&rsquo;s big promise is to enhance the quality of call experience for subscribers. With considerable investment in VoIPX, it makes a lot of sense for carriers and enterprises to measure and manage the performance of their VoIPX network for quality. Many customers, enterprises, OTTs, and mobile providers &ndash; are particularly concerned about subscriber&rsquo;s experience of a call. It directly impacts subscriber churn. They have, or are implementing, Call Quality Manager. Those enterprises who also do, stand to gain their business.</p>\r\n\r\n<h3>What Differentiates Datanomers Solution from Others?</h3>\r\n\r\n<p>Datanomers&rsquo; Call Quality Manager works off your network Call Detail Records to detect poor call quality in near real-time by statistically analyzing CDRs to identify the small variations in call patterns that represent poor calls. Multiple statistical models, each representing a use case, operate in parallel. It resides in your data center (License model), or as some customers prefer, in our Partner&rsquo;s cloud (SaaS model). This results in several advantages that are unmatched:</p>\r\n\r\n<div class="full-width-img"><img alt="" src="img/img-4.png" /></div>\r\n\r\n<div class="full-width-img"><img alt="" src="img/img-5.png" /></div>\r\n\r\n<p style="margin-top:10px;">Try our solution free for 15 days.</p>\r\n\r\n<div style="float:left;">\r\n<h3>Our Differentiator: A Next-Gen Approach &ndash; High ROI</h3>\r\n\r\n<ul>\r\n	<li>Manage for better user experience. End-to-end to increase revenue</li>\r\n	<li>Get rid of poor quality &ndash; bad calls, fraudulent billing &ndash; for sensitive customers - Differentiate from competition</li>\r\n	<li>High accuracy. No false positives. True positives alerted in near real-time, resolve issue before impact. Lower operational expense</li>\r\n	<li>Actionable intelligence into how to resolve the issue &ndash; identifies better suppliers in your route</li>\r\n	<li>Integrate to automate operations process. Works off CDRs. No massive probes and agents deployments. Simpler. Low capex, opex</li>\r\n</ul>\r\n\r\n<h3>We Help Run Your Business Better. How? Let&rsquo;s explain:</h3>\r\n\r\n<p>The carrier business is competitive: voice products are increasingly commoditized, margins razor thin. Now more than ever, carriers need to differentiate from their respective competitors, by providing better, cost-effective, service to high value customers. That&rsquo;s what Datanomers solutions help you deliver. Once you deploy our Call Quality Management Solution, you&rsquo;ll notice an immediate improvement in route quality. How? Because our advanced statistical machine-learning state-of-the-art technology is highly accurate and has global coverage: All at very reasonable price that enables the deployment to break even in under a year. Your route quality improves substantially as you rid it of poor calls. Your customers notice and give you more business, especially for premium traffic with higher margins. Your business differentiates and grows.</p>\r\n\r\n<h3>Solution Deployed at Carriers and Enterprises</h3>\r\n\r\n<p>Tier 1 carriers, MSPs have already benefitted from Datanomers Call Quality Management solution. It offers a novel approach for wholesale and retail to manage mobile telephony for better user experience, low expense, high ROI, and easily scales for the largest deployment. Additionally, the side benefits of Low capex, opex enable our customers to utilize our market-proven solution with minimal impact.</p>\r\n</div>\r\n</div>\r\n<!--end solutions-->', NULL, NULL, 1, '2014-01-15 05:12:41', '2014-01-16 04:16:57');
INSERT INTO `pages` (`id`, `name`, `parent_id`, `page_title`, `banner_image`, `show_top_menu`, `show_footer_menu`, `url_key`, `page_template`, `sub_page`, `gallery`, `page_metakeyword`, `page_metadescription`, `page_shortdescription`, `page_longdescription`, `page_seo_keyword`, `page_order`, `status`, `created_at`, `updated_at`) VALUES
(17, 'Home', 0, 'Home', '', NULL, NULL, 'home', 'Pages/pagetemplates/home', 0, NULL, '', '', '', '<h2>Intelligent Analytical Modeler&trade;</h2>\r\n\r\n<div class="boxes">\r\n<div class="box first"><img alt="" src="http://datanomers.checkyourprojects.com/app/webroot/ck_files/images/image-1.jpg" />\r\n<h2>Intelligent Analytical Modeler&trade;</h2>\r\n\r\n<p>IAM &trade; is a tool that generates accurate statistical models for predictive analytics.</p>\r\n<a href="{intelligent-analytical-modeler}">Learn More</a></div>\r\n<!--end box-->\r\n\r\n<div class="box"><img alt="" src="http://datanomers.checkyourprojects.com/app/webroot/ck_files/images/image-2.jpg" />\r\n<h2>Enterprise Quality Solutions</h2>\r\n\r\n<p>This solution suite provides a comprehensive call quality measure for end-to-end user experience - QUES.</p>\r\n<a href="{enterprise-quality-solutions}">Learn More</a></div>\r\n<!--end box-->\r\n\r\n<div class="box last"><img alt="" src="http://datanomers.checkyourprojects.com/app/webroot/ck_files/images/image-3.jpg" />\r\n<h2>Fraud Management Solutions</h2>\r\n\r\n<p>This suite of solutions detects and remediates Fraud with 95% accuracy</p>\r\n<a href="{fraud-management}">Learn More</a></div>\r\n<!--end box--></div>\r\n\r\n<div class="boxes">\r\n<div class="box first"><img alt="" src="http://datanomers.checkyourprojects.com/app/webroot/ck_files/images/image-4.jpg" />\r\n<h2>Sales Intelligence Tool</h2>\r\n\r\n<p>This tool intelligently identifies sales opportunities and boosts revenues.</p>\r\n<a href="{sales-intelligence-tool}">Learn More</a></div>\r\n<!--end box-->\r\n\r\n<div class="box"><img alt="" src="http://datanomers.checkyourprojects.com/app/webroot/ck_files/images/image-5.jpg" />\r\n<h2>Unstructured Intelligence Tools</h2>\r\n\r\n<p>This toolset helps mine cognitive insights from unstructured data.</p>\r\n<a href="{unstructured-intelligence-tools}">Learn More</a></div>\r\n<!--end box-->\r\n\r\n<div class="box last"><img alt="" src="http://datanomers.checkyourprojects.com/app/webroot/ck_files/images/image-6.jpg" />\r\n<h2>Professional Services</h2>\r\n\r\n<p>Our Professional Services covers the entire gamut - from data gathering for dashboard to predictive analytics.</p>\r\n<a href="{professional-services}">Learn More</a></div>\r\n<!--end box--></div>\r\n', NULL, NULL, 1, '2014-01-16 00:35:52', '2014-01-23 06:37:07'),
(23, 'Voice Quality Manager', 8, 'Voice Quality Manager', '1389857895_1389857895.jpg', NULL, NULL, 'voice-quality-manager', 'pagetemplates/default_template', 0, NULL, '', '', NULL, '<div class="solutions">\r\n<h3>Overview</h3>\r\n\r\n<p>Datanomers&rsquo; VQM is a Big Data analytical solution that detects and remediates voice quality in near real time. The solution reduces customer churn and helps you bring in high margin premium traffic for enterprise customers, mobile operators, service providers and wholesale carriers.</p>\r\n\r\n<h3>The Challenge</h3>\r\n\r\n<ul>\r\n	<li>Voice services are the key to many of the business and consumer transactions.</li>\r\n	<li>Telegeography, an Independent market analysis company has estimated an increase of 5% in international voice traffic and 44% in OTT(Skype-Skype voice and video) traffic .</li>\r\n	<li>Global telecommunication companies are unveiling a raft of next generation voice services like HD voice, Voice over IPX vindicating a movement towards interoperability and voice over IP-based networks.</li>\r\n	<li>Enterprise service providers, Mobile providers, OTTs , whole sale carriers are slugging it out to attract new customers and retain existing customers.</li>\r\n</ul>\r\n\r\n<p>In this highly competitive voice market with shrinking margins, the differentiator is clear. Reduce customer churn by providing them with the highest quality of service.</p>\r\n\r\n<h3>The Solution</h3>\r\n\r\n<p>Datanomers Voice Quality Manager is a big data solution that works based off probes and a central management system.<br />\r\nIt accurately measures MOS from loss, jitter, latency for a codec. VQM implements ITU-T G.107 - with accuracy to prevent false positives. VQM measures end to end voice quality.<br />\r\nAccuracy is the hallmark of all Datanomers&#39; solution and VQM is no exception. It is highly accurate and models the de-jitter buffer accurately</p>\r\n\r\n<table align="left" border="0" cellpadding="0" cellspacing="0" width="100%">\r\n	<tbody>\r\n		<tr>\r\n			<td class="brown-bg">Features</td>\r\n			<td class="brown-bg">Datanomers Solution</td>\r\n			<td class="brown-bg">Competitor Solutions</td>\r\n		</tr>\r\n		<tr>\r\n			<td class="brown-bg">Accuracy</td>\r\n			<td class="grey-bg" valign="top">\r\n			<ul>\r\n				<li>Accurately measures MOS from loss, jitter for a codec</li>\r\n				<li>Measures end to end voice quality</li>\r\n				<li>Models the de-jitter buffer accurately</li>\r\n				<li>Implements ITU-T G.107 with accuracy</li>\r\n			</ul>\r\n			</td>\r\n			<td class="grey-bg" valign="top">\r\n			<ul>\r\n				<li>Does not measure end to end voice quality</li>\r\n				<li>MOS is just measured for the IP leg</li>\r\n				<li>Implements P.862&rsquo;s PESQ which doesn&rsquo;t consider letency</li>\r\n			</ul>\r\n			</td>\r\n		</tr>\r\n		<tr>\r\n			<td class="brown-bg">Coverage</td>\r\n			<td valign="top">\r\n			<ul>\r\n				<li><u>Measures the quality of a interactive voice conversation accurately</u></li>\r\n				<li><u>Measures latency accurately</u></li>\r\n			</ul>\r\n			</td>\r\n			<td valign="top">\r\n			<ul>\r\n				<li>Does not consider latency</li>\r\n				<li>Cannot predict the quality of a interactive voice conversation accurately</li>\r\n			</ul>\r\n			</td>\r\n		</tr>\r\n		<tr>\r\n			<td class="brown-bg">Remediation</td>\r\n			<td class="grey-bg" valign="top">\r\n			<ul>\r\n				<li>Auto-Removal/blockage of fraudulent ranges in near real time</li>\r\n				<li>ACTIONABLE INTELLIGENCE</li>\r\n			</ul>\r\n			</td>\r\n			<td class="grey-bg" valign="top">\r\n			<ul>\r\n				<li>Delays in detection and remediation</li>\r\n			</ul>\r\n			</td>\r\n		</tr>\r\n		<tr>\r\n			<td class="brown-bg">Fault Isolation</td>\r\n			<td valign="top">\r\n			<ul>\r\n				<li>Automates the tedious process of finding where the fault is</li>\r\n				<li><u>ACTIONABLE INTELLIGENCE</u></li>\r\n			</ul>\r\n			</td>\r\n			<td valign="top">\r\n			<ul>\r\n				<li>Delays in detection and remediation</li>\r\n			</ul>\r\n			</td>\r\n		</tr>\r\n		<tr>\r\n			<td class="brown-bg">Scalability</td>\r\n			<td class="grey-bg" valign="top">\r\n			<ul>\r\n				<li>Scalable solution based on big data analytics</li>\r\n			</ul>\r\n			</td>\r\n			<td class="grey-bg" valign="top">\r\n			<ul>\r\n				<li>Questionable scalability</li>\r\n			</ul>\r\n			</td>\r\n		</tr>\r\n		<tr>\r\n			<td class="brown-bg">Process Improvement</td>\r\n			<td valign="top">\r\n			<ul>\r\n				<li>Email/SNMP notification</li>\r\n				<li>Better Operations KPI</li>\r\n				<li>Better SLAs</li>\r\n			</ul>\r\n			</td>\r\n			<td valign="top">\r\n			<ul>\r\n				<li>Operations team work with a myriad of tools and troubleshooting is slow and tedious</li>\r\n			</ul>\r\n			</td>\r\n		</tr>\r\n		<tr>\r\n			<td class="brown-bg">VQM Dashboard</td>\r\n			<td class="grey-bg" valign="top">\r\n			<ul>\r\n				<li>Customers get a peek on how well quality is monitored.</li>\r\n				<li>Rich set of reporting</li>\r\n			</ul>\r\n			</td>\r\n			<td class="grey-bg" valign="top">\r\n			<ul>\r\n				<li>Basic Reports</li>\r\n			</ul>\r\n			</td>\r\n		</tr>\r\n	</tbody>\r\n</table>\r\n\r\n<p>On the whole, Datanomers Voice quality Manager accurately monitors voice quality and helps intelligently troubleshoot and fix issues.</p>\r\n\r\n<p>Contact us at <a href="mailto:sales@datanomers.com"><u>sales@datanomers.com</u></a> for an initial evaluation.</p>\r\n</div>\r\n', NULL, NULL, 1, '2014-01-16 02:38:15', '2014-01-16 04:12:27'),
(24, 'IPX QoS Performance Manager', 8, 'IPX QoS Performance Manager', '1389857958_1389857958.jpg', NULL, NULL, 'IPX-QoS-performance-manager', 'pagetemplates/default_template', 0, NULL, '', '', NULL, '<div class="solutions">\r\n<h3 class="heading-main">IPX QoS Performance Manager</h3>\r\n\r\n<p>The promise of IPX technology is to provide richer and higher quality of user experience for the end subscriber. However, keeping the promise is extremely challenging unless rigorous quality management measures are put in place. The measures must comprehensively address the 3 levels of QoS for IPX deployments &ndash; Transport, IPX Service and User Experience.</p>\r\n\r\n<p><strong>Transport:</strong> Is the underlying MPLS network delivering the designed packet loss, latency, jitter? Are the different VPNs (e.g. by service, by customer) delivering the required transport service level?</p>\r\n\r\n<p><strong>IPX Service:</strong> Are the service layers delivering the specified edge to edge service agreed in the SLA? Is this being achieved across peered IPXs?</p>\r\n\r\n<p><strong>End to End Service:</strong> Is the end user getting the service they expect? Although this might not be SLA, what is being achieved?</p>\r\n\r\n<p>QoS must be monitored and delivered at both transport and service level. Transport paths must be monitored using the paths actually used by service components (not just the IP path) and across peered IPXs. Service monitoring must ensure service delivery across IPX from edge to edge plus acceptable service delivery end to end.</p>\r\n\r\n<p><strong>Datanomers&rsquo; IPX QoS Performance Manager</strong> is a comprehensive solution suite that helps manage the quality of service for IPX deployments end to end. The quality of service is assured through combination of probes at edges of IPX platform and deep statistical analysis of call detail records for each service. The suite includes</p>\r\n\r\n<ul>\r\n	<li><strong>IP-VPN Transport Performance Manager</strong> that deploys proactive probes to monitor each CoS periodically between each pair of POPs (IPX demarcation point). The performance manager alerts if QoS SLAs are violated &ndash; for example, latency SLAs not being achieved because of network failure or congestion. The solution also includes a troubleshooter (fault management) that uses smart probes to pin-point congested IP node.</li>\r\n	<li><strong>IPX Service Performance Manager</strong> that monitors IMS service nodes periodically for each service type, alerting if SLAs associated with service are violated.</li>\r\n</ul>\r\n\r\n<div class="full-width-img"><img alt="" src="http://datanomers.checkyourprojects.com/app/webroot/ck_files/images/img-14.png" /></div>\r\n\r\n<ul>\r\n	<li><strong>Intelligent QoS Manager</strong> that provides intelligent insights in the performance behavior of IPX by correlating Transport and service alerts to sectionalize the fault and also provides rich set of reports that graphically describe SLA offenders and their offenses.</li>\r\n	<li><strong>User Experience QoS Manager</strong> provides a measure of end user experience by monitoring call records to determine true customer experience. It considers all the use cases of a call (set up and conversation both) and provides a measure for end-to-end user experience for instance, call disruptions during conversations, excessive retries during call setup - that heavily influence subscriber&#39;s experience of a call much more.</li>\r\n</ul>\r\n\r\n<div class="full-width-img"><img alt="" src="http://datanomers.checkyourprojects.com/app/webroot/ck_files/images/img-15.png" /></div>\r\n</div>\r\n', NULL, NULL, 1, '2014-01-16 02:39:18', '2014-01-16 04:08:37'),
(25, 'False Answer Supervision', 9, 'False Answer Supervision', '1389858057_1389858057.jpg', NULL, NULL, 'false-answer-supervision', 'pagetemplates/default_template', 0, NULL, '', '', NULL, '<div class="solutions">\r\n<p>The carrier business is competitive: voice products are increasingly commoditized, and margins are getting razor thin. Carriers need to differentiate from their competitors, by providing better, cost-effective, service to high value customers. That&rsquo;s what Datanomer&rsquo;s solutions help you deliver. Datanomers Big Data Solutions are comprehensive and unique: based on expert systems autonomics and cognitive science, are intuitive, accurate and can easily automate complex processes. One such solution is False Answer Supervision. The biggest telecom carriers in the world have benefited financially from the solutions.<br />\r\nOnce you deploy our Fraud Management Solution, you will notice an immediate improvement in route quality. How?</p>\r\n\r\n<p>Because, our advanced statistical machine-learning state-of-the-art technology is highly accurate and has global coverage that enables the deployment of our solution to break even in under a year. Your route quality improves substantially as you rid it of fraud. Your customers notice and give you more business, especially for premium traffic with higher margins. Your business differentiates and grows.</p>\r\n\r\n<h3>The Challenge</h3>\r\n\r\n<p><strong>What is Fraud and How Does it Afflict Carriers?</strong><br />\r\nFraud has permeated in both carriers and enterprises, bleeding over $6B dollars annually from carriers. The result: Unhappy Customers Switching Carriers, Lost revenue for Carriers because of no fault of their own, Customer churn. Enterprises get unexpected, large bills and demands for payment.</p>\r\n\r\n<p><strong>Fraud Types</strong><br />\r\nThere are several types of fraud, But most important ones are:<br />\r\n1- False Answer Supervision (FAS),<br />\r\n2- Premium Rate Fraud (IPRF) and<br />\r\n3- Mobile Fraud.</p>\r\n\r\n<div class="left-side"><img alt="" src="http://datanomers.checkyourprojects.com/app/webroot/ck_files/images/img-9.png" /></div>\r\n\r\n<p>FAS is perhaps the most prevalent and is under the control of international carriers. So What is FAS? FAS occurs when a call is falsely answered by a downstream carrier so they can start billing well in advance of the real answer. Even worse for customers is a phenomenon, known as call hijacking, where the call is routed to an automated voice system designed to keep them on the phone while billing continues; not only do they get a huge bill, but the call does not even reach the dialed customer.</p>\r\n\r\n<p>IPRF occurs when a premium rate service provider colludes with a hacker to break into a PBX, launch a large number of calls to an international premium rate destination, get a share of the profits from the distant service provider, and disappear before the break-in is found. The enterprise whose PBX was hacked refuses to pay the bill and carriers in the chain dispute billing, resulting in large losses for all concerned!</p>\r\n\r\n<p>Mobile Fraud is very damaging to the mobile industry with cloned SIMs and roaming fraud generating many unpaid calls to distant high rate premium codes.</p>\r\n\r\n<p style="width:100%; float:left;"><strong>Carriers Fight Back</strong><br />\r\nCarriers are now increasingly serious about fighting fraud. They have banded together, under the aegis of the standards i3Forum, to publish a process that removes traffic for weeks from those carriers without efficient fraud management systems, resulting in considerable revenue loss.<br />\r\nIf you don&#39;t police fraud in your network, you risk losing revenue.</p>\r\n\r\n<p style="width:100%; float:left;">There are probe based solutions in the market that do not come close to our solution in delivering features and functions and aren&#39;t effective in eradicating FAS. They have their limitations:</p>\r\n\r\n<ul class="int-content">\r\n	<li>In case of probe based solution, you need to have the carrier launch several synthetic calls to a all these destinations. If not FAS goes undetected.</li>\r\n	<li>Fraudsters are getting smart: for example, blended FAS which is done intelligently by the fraudulent suppliers in the network to avoid detection: FAS is switched on and off. for probe&#39;s synthetic calls to detect such blended FAS, the carrier needs to place several test calls to the same destination, daily, and then out of several to a destination, a couple may detect blended FAS. when you have blended FAS happening in the intl destinations, the OPex rises, the solution becomes more expensive than the issue it addresses.</li>\r\n	<li>Probe based solutions cannot handle the volume of CDRs our solution can handle</li>\r\n	<li>Probe based solution cannot accurately quantify fraud. Datanomers&rsquo; statistical solution is not academic. It quantifies fraud. It helps you make decisions to remediate supplier and goes a step further than all other solutions in the market. Our FAS solution stores the cdrs of fraud calls which provides you with the irrefutable evidence that a supplier was doing FAS. Now we can dispute billing w/ suppliers, negotiate better rates with them, trouble shoot the issue, and insist on better quality</li>\r\n</ul>\r\n\r\n<div class="left-side"><img alt="" src="http://datanomers.checkyourprojects.com/app/webroot/ck_files/images/img-10.png" /></div>\r\n\r\n<h3 style="width:100%; float:left;">The Solution</h3>\r\n\r\n<p style="width:100%; float:left;"><strong>Datanomer&rsquo;s Unique Solution</strong><br />\r\nDatanomer&rsquo;s fraud management solutions are the most technologically advanced on the market and some of the largest Global Carriers rely on Datanomer&rsquo;s solution to combat FAS, They statistically identify fraud directly from a carrier&rsquo;s CDRs. These global carriers have expressed <u>tremendous faith in our solutions</u>.</p>\r\n\r\n<p style="width:100%; float:left;"><strong>Datanomers FAS Solution Differentiator: </strong></p>\r\n\r\n<ul class="int-content">\r\n	<li>Accuracy of 95% while detecting 90% of the fraud.</li>\r\n	<li>64-Bit industrial server architecture scales to 200M CDRs daily with peak processing rate of 10M CDRs per hour.</li>\r\n	<li>Detects fraud in near real-time. It can easily integrate into your operations systems to stop fraud quickly before it is noticed, reducing customer trouble ticket volume by 15%.</li>\r\n	<li>Stores fraud CDRs so that you can quantify the extent of the fraud, create reports on various suppliers and destinations, and withhold fraudulent payments.</li>\r\n	<li>Covers 100% of worldwide destinations with no extra costs of test calls and probes</li>\r\n	<li>With Datanomers&rsquo; statistical solution, you do not have opex. because it doesn&#39;t generate synthetic calls</li>\r\n</ul>\r\n\r\n<div class="left-side"><img alt="" src="http://datanomers.checkyourprojects.com/app/webroot/ck_files/images/img-11.png" /></div>\r\n\r\n<p class="int-content">Datanomers FAS solution is deployed in your data center managed and administered by you, or as some carriers prefer, in our private cloud and managed and administered by us. Our solution breaks even in under a year, the financials that prove this have been vetted by standards forum and independently verified by carriers</p>\r\n\r\n<div class="left-side"><img alt="" src="http://datanomers.checkyourprojects.com/app/webroot/ck_files/images/img-12.png" /></div>\r\n\r\n<div class="left-side"><img alt="" src="http://datanomers.checkyourprojects.com/app/webroot/ck_files/images/img-13.png" /></div>\r\n</div>\r\n', NULL, NULL, 1, '2014-01-16 02:40:57', '2014-01-16 04:41:00'),
(26, 'International Revenue Share Fraud', 9, 'International Revenue Share Fraud', '1389858128_1389858128.jpg', NULL, NULL, 'international-revenue-share-fraud', 'pagetemplates/default_template', 0, NULL, '', '', NULL, '<div class="solutions">\r\n<h3 class="heading-main">Big Data Solution: International Revenue Share Fraud IRSF</h3>\r\n\r\n<h3>Overview</h3>\r\n\r\n<p>International Revenue Share Fraud (IRSF) is one of the most menacing frauds plaguing the telecom industry. IRSF is caused by the artificial inflation of traffic or traffic pumping to the premium rate numbers in the world.<br />\r\nDatanomers&rsquo; International Revenue Share Fraud tool is a big data analytical solution that detects International Revenue Share Fraud (IRSF) and remediates it in near real time which will avert huge financial losses for enterprise customers, mobile operators, service providers and wholesale carriers.</p>\r\n\r\n<h3>The Challenge</h3>\r\n\r\n<p>According to the Communications Fraud Control Association (CFCA), telecom industry lost close to <u>$4B billion</u> to revenue share fraud.</p>\r\n\r\n<p><strong>Typically IRSF involves a nexus between the following. </strong></p>\r\n\r\n<ul>\r\n	<li>PRN (Premium Rate Number) Aggregators: who obtain range of fraudulent premium rate numbers (PRN) countries like Lithuania, Sao Tome and enter into an agreement with service providers falsely claiming entertainment services.</li>\r\n	<li>Hackers or the fraudsters who generate traffic. They either hack a PBX of a company, or clone SIM cards and generate millions of artificial calls to premium numbers.</li>\r\n</ul>\r\n\r\n<p>Hackers and the revenue share providers share the revenue generated by the fraudulent calls which will be billed either to the end customer or some carrier in the routing flow.</p>\r\n\r\n<div class="left-side"><img alt="" src="http://datanomers.checkyourprojects.com/app/webroot/ck_files/images/img-6.png" /></div>\r\n\r\n<ul>\r\n	<li>The alarming fact about IRSF is that it is triggered by many other means of fraud like PBX hacking, SIM card cloning, International roaming fraud, subscription theft.</li>\r\n	<li>These premium rate services are the eternal cash cow for the telecom carriers and they are more than willing to buy premium rate services without sufficient checks and balances to distinguish between a rigged and a genuine player.</li>\r\n	<li>The delays in identification of the nature and volume of the calls, delays in blocking the numbers makes IRSF extremely difficult to detect and combat.</li>\r\n	<li>The final straw is the nature of the carrier model, the money transfer has already been done to fraudulent providers who cannot be traced after the fraud has been discovered.</li>\r\n</ul>\r\n\r\n<h3>The Solution</h3>\r\n\r\n<p>Datanomers has come up with the state of the art big data analytical solution that detects and remediates IRSF in near real time. Below are</p>\r\n\r\n<table align="left" border="0" cellpadding="0" cellspacing="0" width="100%">\r\n	<tbody>\r\n		<tr>\r\n			<td class="brown-bg">Features</td>\r\n			<td class="brown-bg">Datanomers Solution</td>\r\n			<td class="brown-bg">Competitor Solutions</td>\r\n		</tr>\r\n		<tr>\r\n			<td class="brown-bg">Accuracy</td>\r\n			<td class="grey-bg" valign="top">\r\n			<ul>\r\n				<li>95% Accuracy</li>\r\n				<li>Patented Algorithms</li>\r\n				<li>Advanced Statistics like <u>Central Limit Theorem, entropy of random variables</u></li>\r\n				<li>Industry Expertise</li>\r\n			</ul>\r\n			</td>\r\n			<td class="grey-bg" valign="top">\r\n			<ul>\r\n				<li>Rely heavily on industry expertise and hot lists of premium service ranges</li>\r\n				<li>Elementary Statistics</li>\r\n				<li>Pre-defined patterns which generates a slew of False positives</li>\r\n			</ul>\r\n			</td>\r\n		</tr>\r\n		<tr>\r\n			<td class="brown-bg">Coverage</td>\r\n			<td valign="top">\r\n			<ul>\r\n				<li>Low Grade IRSF and Blended IRSF are caught in near real time.</li>\r\n				<li>Advanced Machine Learning working off the 200-300 million CDRs</li>\r\n				<li>Algorithms based on Covariance , K-Mean clustering of random variables</li>\r\n				<li>Low-Grade IRSF, Blended IRSF is caught and alerted</li>\r\n			</ul>\r\n			</td>\r\n			<td valign="top">\r\n			<ul>\r\n				<li>Pre-defined pattern to detect</li>\r\n				<li>Missed True positives</li>\r\n			</ul>\r\n			</td>\r\n		</tr>\r\n		<tr>\r\n			<td class="brown-bg">Remediation</td>\r\n			<td class="grey-bg" valign="top">\r\n			<ul>\r\n				<li>Auto-Removal/blockage of fraudulent ranges in near real time</li>\r\n				<li>ACTIONABLE INTELLIGENCE</li>\r\n			</ul>\r\n			</td>\r\n			<td class="grey-bg" valign="top">\r\n			<ul>\r\n				<li>Delays in detection and remediation</li>\r\n			</ul>\r\n			</td>\r\n		</tr>\r\n		<tr>\r\n			<td class="brown-bg">Evidence</td>\r\n			<td valign="top">\r\n			<ul>\r\n				<li>CDR(Call Detail Record) Repository stores fraudulent CDRs as irrefutable evidence</li>\r\n			</ul>\r\n			</td>\r\n			<td valign="top">\r\n			<ul>\r\n				<li>No CDR evidence for missed true positives and wrong CDRs for false</li>\r\n			</ul>\r\n			</td>\r\n		</tr>\r\n		<tr>\r\n			<td class="brown-bg">Scalability</td>\r\n			<td class="grey-bg" valign="top">\r\n			<ul>\r\n				<li>Scalable solution based on big data analytics</li>\r\n			</ul>\r\n			</td>\r\n			<td class="grey-bg" valign="top">\r\n			<ul>\r\n				<li>Questionable scalability</li>\r\n			</ul>\r\n			</td>\r\n		</tr>\r\n		<tr>\r\n			<td class="brown-bg">Process Improvement</td>\r\n			<td valign="top">\r\n			<ul>\r\n				<li>Email/SNMP notification</li>\r\n				<li>Better Operations KPI</li>\r\n				<li>Better SLAs</li>\r\n			</ul>\r\n			</td>\r\n			<td valign="top">\r\n			<ul>\r\n				<li>Operations team work with a myriad of tools and troubleshooting is slow and tedious</li>\r\n			</ul>\r\n			</td>\r\n		</tr>\r\n		<tr>\r\n			<td class="brown-bg">IRSF Dashboard</td>\r\n			<td class="grey-bg" valign="top">\r\n			<ul>\r\n				<li>Customers get a peek on how well fraud is kept under check</li>\r\n				<li>Rich set of reporting</li>\r\n			</ul>\r\n			</td>\r\n			<td class="grey-bg" valign="top">\r\n			<ul>\r\n				<li>Basic Reports</li>\r\n			</ul>\r\n			</td>\r\n		</tr>\r\n	</tbody>\r\n</table>\r\n\r\n<p>In a nutshell Datanomers&rsquo; IRSF solution helps you to Grow business strategically with a quality message. Big deals on the anvil rely on this. Quality is going to be the key in the years to come and Datanomers will help you be the game changer.</p>\r\n</div>\r\n', NULL, NULL, 1, '2014-01-16 02:42:08', '2014-01-16 04:35:15'),
(28, 'Big Value', 0, 'Big Value', '1389869211_1389869211.jpg', NULL, NULL, 'big-value', 'pagetemplates/default_template', 0, NULL, '', '', '', '<p>Datanomers has come up with state-of-the art Intelligent Analytical Modeler&trade; which is based on recent advances in statistics. It defines functions of predictors and correlates them to business outcomes. It addresses all your big data challenges.</p>\r\n\r\n<p>We&rsquo;ll delight you with the accuracy of prediction of your business outcomes. We&rsquo;ll collect and sanitize the &ndash; structured and unstructured &ndash; input data, run it through IAM to build an accurate model quickly, and provide professional data scientists to refine the model. All this makes sure that you trust your analytical model and use it to run scenarios to make informed business decisions to outgrow your competitors.</p>\r\n\r\n<h3>Our Big Differentiator:</h3>\r\n\r\n<p>We couple the three Vs (Volume, Variety, Velocity) with the three As (Automation, Analytics and Accuracy) to provide you with:</p>\r\n\r\n<ul>\r\n	<li>Veracity to trust the model to influence your business decisions,</li>\r\n	<li>Automation to keep pace with the dynamics of your business, and</li>\r\n	<li>Actionable intelligence to point out specifics of how you can grow fast.</li>\r\n</ul>\r\n\r\n<p>Skilled data scientists are hard to find and your business decisions are only as good as your predictive model. Our solution does the job of a data scientist &ndash; cost-effectively.</p>\r\n\r\n<h3>Ecosystem of Solutions offered through IPsoft</h3>\r\n\r\n<div class="full-width-img"><img alt="" src="http://datanomers.checkyourprojects.com/app/webroot/ck_files/images/bid-value-img.png" /></div>\r\n', NULL, NULL, 1, '2014-01-16 05:46:51', '2014-01-16 08:55:51'),
(29, 'Privacy Policy', 0, 'Privacy Policy1', '1389881218_1389881218.jpg', NULL, NULL, 'privacy-policy', 'home', 0, NULL, 'privacy policy', 'privacy policy', '', '<p><strong>Lorem Ipsum</strong> is simply dummy text of the printing and typesetting industry. Lorem Ipsum has been the industry&#39;s standard dummy text ever since the 1500s, when an unknown printer took a galley of type and scrambled it to make a type specimen book. It has survived not only five centuries, but also the leap into electronic typesetting, remaining essentially unchanged. It was popularised in the 1960s with the release of Letraset sheets containing Lorem Ipsum passages, and more recently with desktop publishing software like Aldus PageMaker including versions of Lorem Ipsum.</p>\r\n\r\n<div class="rc">\r\n<h2 class="why">&nbsp;</h2>\r\n\r\n<p>It is a long established fact that a reader will be distracted by the readable content of a page when looking at its layout. The point of using Lorem Ipsum is that it has a more-or-less normal distribution of letters, as opposed to using &#39;Content here, content here&#39;, making it look like readable English. Many desktop publishing packages and web page editors now use Lorem Ipsum as their default model text, and a search for &#39;lorem ipsum&#39; will uncover many web sites still in their infancy. Various versions have evolved over the years, sometimes by accident, sometimes on purpose (injected humour and the like).</p>\r\n</div>\r\n\r\n<p>&nbsp;</p>\r\n\r\n<div class="lc">\r\n<h2 class="where">&nbsp;</h2>\r\n\r\n<p>Contrary to popular belief, Lorem Ipsum is not simply random text. It has roots in a piece of classical Latin literature from 45 BC, making it over 2000 years old. Richard McClintock, a Latin professor at Hampden-Sydney College in Virginia, looked up one of the more obscure Latin words, consectetur, from a Lorem Ipsum passage, and going through the cites of the word in classical literature, discovered the undoubtable source. Lorem Ipsum comes from sections 1.10.32 and 1.10.33 of &quot;de Finibus Bonorum et Malorum&quot; (The Extremes of Good and Evil) by Cicero, written in 45 BC. This book is a treatise on the theory of ethics, very popular during the Renaissance. The first line of Lorem Ipsum, &quot;Lorem ipsum dolor sit amet..&quot;, comes from a line in section 1.10.32.</p>\r\n\r\n<p>The standard chunk of Lorem Ipsum used since the 1500s is reproduced below for those interested. Sections 1.10.32 and 1.10.33 from &quot;de Finibus Bonorum et Malorum&quot; by Cicero are also reproduced in their exact original form, accompanied by English versions from the 1914 translation by H. Rackham.</p>\r\n</div>\r\n\r\n<h2 class="getsome">&nbsp;</h2>\r\n\r\n<p>There are many variations of passages of Lorem Ipsum available, but the majority have suffered alteration in some form, by injected humour, or randomised words which don&#39;t look even slightly believable. If you are going to use a passage of Lorem Ipsum, you need to be sure there isn&#39;t anything embarrassing hidden in the middle of text. All the Lorem Ipsum generators on the Internet tend to repeat predefined chunks as necessary, making this the first true generator on the Internet. It uses a dictionary of over 200 Latin words, combined with a handful of model sentence structures, to generate Lorem Ipsum which looks reasonable. The generated Lorem Ipsum is therefore always free from repetition, injected humour, or non-characteristic words etc.</p>\r\n', NULL, NULL, 1, '2014-01-16 09:06:58', '2014-01-23 07:53:29'),
(30, 'Terms & Conditions', 0, 'Terms & Conditions', '1389881271_1389881271.jpg', NULL, NULL, 'terms-conditions', 'full_page', 0, NULL, '', '', '', '<p>Terms &amp; Conditions1</p>\r\n', NULL, NULL, 1, '2014-01-16 09:07:51', '2014-01-23 12:52:54'),
(31, 'Test Page', 3, 'test page', '1389939584_1389939584.jpg', NULL, NULL, 'test-page', 'pagetemplates/default_template', 0, NULL, '', '', '', '<div id="text">\r\n<ul>\r\n	<li>Lorem ipsum dolor sit amet,</li>\r\n	<li>consectetur adipisicing elit, sed do eiusmod tempor incididunt ut labore et dolore magna aliqua.</li>\r\n	<li>Ut enim ad minim veniam, quis nostrud exercitation ullamco laboris nisi ut aliquip ex ea commodo consequat.</li>\r\n	<li>Duis aute irure dolor in reprehenderit in voluptate velit esse cillum dolore eu fugiat nulla pariatur.</li>\r\n	<li>Excepteur sint occaecat cupidatat non proident, sunt in culpa qui officia deserunt mollit anim id est laborum.</li>\r\n</ul>\r\n</div>\r\n', NULL, NULL, 1, '2014-01-17 01:19:44', NULL);

-- --------------------------------------------------------

--
-- Table structure for table `plugins`
--

CREATE TABLE IF NOT EXISTS `plugins` (
  `id` int(11) NOT NULL AUTO_INCREMENT,
  `title` varchar(125) DEFAULT NULL,
  `description` text,
  `version` varchar(125) DEFAULT NULL,
  `routes` tinyint(2) DEFAULT NULL,
  `status` tinyint(2) DEFAULT NULL,
  PRIMARY KEY (`id`)
) ENGINE=MyISAM  DEFAULT CHARSET=latin1 AUTO_INCREMENT=6 ;

--
-- Dumping data for table `plugins`
--

INSERT INTO `plugins` (`id`, `title`, `description`, `version`, `routes`, `status`) VALUES
(1, 'ContentManager', NULL, NULL, 1, 1),
(2, 'SlideManager', NULL, '1.2', 0, 1),
(3, 'MailManager', NULL, '2.3', 0, 1),
(4, 'SubadminManager', NULL, '2.3', 0, 1),
(5, 'AssociationManager', NULL, '2.3', 0, 1);

-- --------------------------------------------------------

--
-- Table structure for table `posts`
--

CREATE TABLE IF NOT EXISTS `posts` (
  `id` int(11) NOT NULL AUTO_INCREMENT,
  `account_id` int(11) DEFAULT NULL,
  `message` text,
  `status` tinyint(4) DEFAULT NULL,
  `reorder` tinyint(4) DEFAULT NULL,
  `created_at` datetime DEFAULT NULL,
  PRIMARY KEY (`id`)
) ENGINE=MyISAM  DEFAULT CHARSET=latin1 AUTO_INCREMENT=5 ;

--
-- Dumping data for table `posts`
--

INSERT INTO `posts` (`id`, `account_id`, `message`, `status`, `reorder`, `created_at`) VALUES
(1, 100, 'New Test', 1, NULL, NULL),
(2, 100, 'ok', 1, NULL, NULL),
(3, 100, 'New message', 1, NULL, '2014-01-24 01:37:33'),
(4, 105, 'yes', 1, NULL, '2014-01-24 01:40:01');

-- --------------------------------------------------------

--
-- Table structure for table `profiles`
--

CREATE TABLE IF NOT EXISTS `profiles` (
  `id` int(11) NOT NULL AUTO_INCREMENT,
  `account_id` int(11) DEFAULT NULL,
  `company` varchar(255) DEFAULT NULL,
  `position` varchar(255) DEFAULT NULL,
  PRIMARY KEY (`id`)
) ENGINE=MyISAM  DEFAULT CHARSET=latin1 AUTO_INCREMENT=15 ;

--
-- Dumping data for table `profiles`
--

INSERT INTO `profiles` (`id`, `account_id`, `company`, `position`) VALUES
(2, 100, 'Burgeon Software', 'Php Developer'),
(8, 103, 'Burgeon software', 'php developer'),
(10, 104, 'Hcl India', 'php developer'),
(12, 105, 'Samsung India', 'java developer');

-- --------------------------------------------------------

--
-- Table structure for table `settings`
--

CREATE TABLE IF NOT EXISTS `settings` (
  `id` int(11) NOT NULL AUTO_INCREMENT,
  `key` varchar(255) DEFAULT NULL,
  `module` varchar(255) DEFAULT NULL,
  `values` varchar(255) DEFAULT NULL,
  PRIMARY KEY (`id`)
) ENGINE=InnoDB  DEFAULT CHARSET=latin1 AUTO_INCREMENT=27 ;

--
-- Dumping data for table `settings`
--

INSERT INTO `settings` (`id`, `key`, `module`, `values`) VALUES
(1, 'site_title', 'site', 'Datanomers'),
(4, 'site_metakeyword', 'site', 'datanomers'),
(5, 'site_metadescription', 'site', 'datanomers'),
(6, 'site_google_analytic_code', 'site', ''),
(10, 'site_name', 'site', 'Datanomers'),
(11, 'facebook', 'social', 'https://www.facebook.com/'),
(12, 'twitter', 'social', 'https://twitter.com/'),
(13, 'linkedin', 'social', 'https://twitter.com/'),
(14, 'site_contact_email', 'site', 'himanshu.burgeon@gmail.com'),
(15, 'galary_image_width', 'image', '200'),
(16, 'galary_image_height', 'image', '100'),
(17, 'galary_admin_image_width', 'image', '80'),
(18, 'galary_admin_image_height', 'image', '80'),
(23, 'site_protocol', 'site', 'http://'),
(24, 'site_url', 'site', 'datanomers.checkyourprojects.com'),
(25, 'site_logo', 'site', 'logo.png'),
(26, 'youtube', 'social', 'https://youtube.com/');

-- --------------------------------------------------------

--
-- Table structure for table `short_links`
--

CREATE TABLE IF NOT EXISTS `short_links` (
  `short_code` varchar(225) DEFAULT NULL,
  `object_id` int(11) DEFAULT NULL,
  `module` varchar(25) NOT NULL
) ENGINE=MyISAM DEFAULT CHARSET=latin1;

--
-- Dumping data for table `short_links`
--

INSERT INTO `short_links` (`short_code`, `object_id`, `module`) VALUES
('{resources}', 6, 'Page'),
('{home}', 17, 'Page'),
('{solutions}', 3, 'Page'),
('{voice-quality-manager}', 23, 'Page'),
('{IPX-QoS-performance-manager}', 24, 'Page'),
('{fraud-management}', 9, 'Page'),
('{false-answer-supervision}', 25, 'Page'),
('{international-revenue-share-fraud}', 26, 'Page'),
('{call-quality-manager}', 12, 'Page'),
('{intelligent-analytical-modeler}', 7, 'Page'),
('{sales-intelligence-tool}', 10, 'Page'),
('{unstructured-intelligence-tools}', 11, 'Page'),
('{big-value}', 28, 'Page'),
('{enterprise-quality-solutions}', 8, 'Page'),
('{professional-services}', 4, 'Page'),
('{contact}', 5, 'Page'),
('{privacy-policy}', 29, 'Page'),
('{terms-conditions}', 30, 'Page'),
('{test-page}', 31, 'Page'),
('{about-us}', 2, 'Page');

-- --------------------------------------------------------

--
-- Table structure for table `slides`
--

CREATE TABLE IF NOT EXISTS `slides` (
  `id` int(11) NOT NULL AUTO_INCREMENT,
  `name` varchar(255) DEFAULT NULL,
  `image` varchar(255) DEFAULT NULL,
  `logo` varchar(255) DEFAULT NULL,
  `description` text,
  `title` varchar(255) DEFAULT NULL,
  `reorder` int(11) DEFAULT NULL,
  `status` tinyint(4) NOT NULL,
  PRIMARY KEY (`id`)
) ENGINE=MyISAM  DEFAULT CHARSET=latin1 AUTO_INCREMENT=45 ;

--
-- Dumping data for table `slides`
--

INSERT INTO `slides` (`id`, `name`, `image`, `logo`, `description`, `title`, `reorder`, `status`) VALUES
(40, 'Slide1', 'banner_1389772154.jpg', '', 'Can your Big Data solution predict <br />business outcomes – accurately?', 'slide', 3, 1),
(41, 'Slide2', 'banner-2_1389775376.jpg', '', ' Can your Big Data solution predict <br />business outcomes – accurately?', 'slide', 1, 1),
(42, 'Slide3', 'banner-3_1389858824.jpg', '_1389858824.', 'Can simple Linear Regression Models <br />predict your complex business outcomes?', 'slide', 4, 1),
(43, 'Slide4', 'banner-4_1389859034.jpg', NULL, 'Can simple Linear Regression Models <br />predict your complex business outcomes?', 'slide', 2, 1),
(44, 'test slide', 'banner-2_1389775376_1400_515_1389940782.jpg', NULL, 'Lorem ipsum dolor sit amet,', 'test', 0, 1);

-- --------------------------------------------------------

--
-- Table structure for table `users`
--

CREATE TABLE IF NOT EXISTS `users` (
  `id` int(10) unsigned NOT NULL AUTO_INCREMENT,
  `username` varchar(50) DEFAULT NULL,
  `passwordurl` text,
  `password` varchar(50) DEFAULT NULL,
  `name` varchar(255) DEFAULT NULL,
  `lname` varchar(255) DEFAULT NULL,
  `email` varchar(255) DEFAULT NULL,
  `role` varchar(20) DEFAULT NULL,
  `permission` text,
  `status` tinyint(4) DEFAULT NULL,
  `created` datetime DEFAULT NULL,
  `modified` datetime DEFAULT NULL,
  PRIMARY KEY (`id`)
) ENGINE=InnoDB  DEFAULT CHARSET=latin1 AUTO_INCREMENT=55 ;

--
-- Dumping data for table `users`
--

INSERT INTO `users` (`id`, `username`, `passwordurl`, `password`, `name`, `lname`, `email`, `role`, `permission`, `status`, `created`, `modified`) VALUES
(1, 'admin', '5fc60a042411b4e0e9f13c8431b0cb8e', 'd6e1635278ca25827d71bfdcb1fa70f49060d25f', 'Himanshu', 'Mahara', 'himanshu.burgeon@gmail.com', 'admin', '', 0, '2013-07-20 13:17:21', '2014-01-16 23:57:30'),
(53, 'anoopd', '62e4ec85c33ec9f9fe3df2bac0367e9a', '37a46e5dec503143f33dae43ec1b4e08e1e6438b', 'Anoop', 'Daipuriya', 'anoopburgeonsoft@gmail.com', 'subadmin', '{"PagesController":"1","SlidesController":"1","MailsController":""}', 1, '2014-01-17 00:25:49', '2014-01-17 00:43:09'),
(54, 'Poojat', '', '58966d23e2365ed9f72d026701923e17ea4d8ec3', 'Pooja', 'Tiwari', 'pooja.burgeon@gmail.com', 'subadmin', '{"PagesController":"1","SlidesController":"3","MailsController":""}', 1, '2014-01-17 01:49:31', '2014-01-17 03:26:17');

/*!40101 SET CHARACTER_SET_CLIENT=@OLD_CHARACTER_SET_CLIENT */;
/*!40101 SET CHARACTER_SET_RESULTS=@OLD_CHARACTER_SET_RESULTS */;
/*!40101 SET COLLATION_CONNECTION=@OLD_COLLATION_CONNECTION */;
